chroma_stft,rmse,spectral_centroid,spectral_bandwidth,rolloff,zero_crossing_rate,mfcc1,mfcc2,mfcc3,mfcc4,mfcc5,mfcc6,mfcc7,mfcc8,mfcc9,mfcc10,mfcc11,mfcc12,mfcc13,mfcc14,mfcc15,mfcc16,mfcc17,mfcc18,mfcc19,mfcc20,label
0.4562181294623196,0.0101622324436903,1672.4161252630372,1692.4116274314858,3218.5691605071106,0.09515344311377245,-447.22071638790396,105.30161629283334,-20.234634359818827,26.85671933040838,-3.123498901660229,1.7256870559842,-6.520110328397589,0.39790796504474224,-9.953887863235256,-4.296045916382197,-3.186659872510778,-9.584050651829559,-2.1556881930380936,-7.860415530258578,-1.5171775206668485,-6.826555208248169,-5.0145855662619425,-4.525216334480213,-11.028350171706862,-4.111558991848149,Dry_Cough
0.4300066258605587,0.022120140492916107,1745.7357722703407,1736.707166747254,3661.868008700284,0.09569572679924243,-430.40423761152897,82.59836328072572,-10.319802092689072,18.345192778048713,-8.299837618423522,7.415785321351636,-4.806383377497877,0.3349461408634077,-9.117888865877946,-5.343563444754304,-0.5406243924243188,-14.228228605660961,-3.6510902053309855,0.1747290481541083,-4.486166773954982,-3.624875161768177,-6.174866621252649,-6.6965908382447275,-8.619936378717165,-8.135418773911294,Dry_Cough
0.4357211397257573,0.036921530961990356,2052.832843372388,1816.043416956987,3876.269133194633,0.1328071925951087,-354.0226043969862,85.17229605432725,-30.793546094710113,19.23781300302587,-8.723064158229608,2.930377721603994,1.2183197371906451,1.5352322133392404,-25.16430357846447,4.081596551009502,-3.802344481634876,-12.182311055143908,-6.161623370381852,-2.428327008123293,-0.2773995467248446,-4.093716025218859,-4.5809456939581406,-9.890099735076626,-7.813945629165414,-11.367453156773948,Dry_Cough
0.41288082824901434,0.04909171909093857,2135.3742519433467,1810.349222802488,3930.791877297794,0.14112324617346939,-325.6559846204007,83.2068186928282,-40.11130489017467,16.293586228028303,-14.004240372796307,4.57097775024477,-2.189192533147542,-4.986986763235327,-28.817114128823132,5.379214460969484,0.7045052599370814,-11.983589234779778,-5.18391809710445,-2.816446601919877,-2.6024991269568494,-5.144696581804669,-4.028044493443069,-5.851235034223724,-4.955694643055847,-8.583901837370592,Dry_Cough
0.3494464699485956,0.08286060392856598,1771.723274689005,1477.035558801803,3054.9496509989754,0.11677748605418943,-271.3178281819343,110.26557140946355,-61.37448700891512,12.442814144971818,-13.470899512511735,15.586711849171364,-7.551584006451215,-12.912059517457516,-27.357988551516772,-8.415212385926361,10.390210534545185,-13.86700745344788,-5.557822397182232,1.372911347182594,-1.1979326310886995,3.099293624425544,-0.7275582098308649,-7.250996069039948,-9.29918801547903,-5.809324812542038,Dry_Cough
0.3655806788934444,0.045633815228939056,1813.27218632943,1319.4161949164109,2904.8703134345096,0.1353426846590909,-346.42612673896605,123.39837123288547,-60.550827431290344,39.07196825849039,3.6090884333230746,-5.474785026982647,-3.3458560550326357,2.1324205311363955,-24.026226869818522,-5.725129409575665,17.900652211711304,-4.774298758619738,-7.006002507456744,4.391669616921781,-5.636915944387762,-5.583763889939825,-7.767339286205391,-16.869706057616547,-1.1094139528301634,-7.462396241201866,Dry_Cough
0.4723476600986865,0.01993032917380333,1656.1026017895615,1656.0088432541354,3320.5379120291095,0.09699740475171233,-383.0244775092483,96.59497776289228,-18.509291856484634,23.317523917372416,-2.03260727641804,8.606228344024736,2.5810905102994663,6.056691190278915,-13.754247333286681,-11.167893776722192,3.1416477219273506,-5.0220424062429565,-2.963475962391639,1.6852306578937295,-3.132930748051642,-1.7863064813515284,-6.910050018571298,-10.140554969585375,-1.4739990544725001,-4.624179425845674,Dry_Cough
0.3883569825054123,0.042118530720472336,1657.66938190335,1625.1449425768008,3273.3283547794117,0.0944680606617647,-359.4920745638356,95.3767347063108,-21.516037437064757,23.41860771627793,-0.35922362671073665,8.216353610870456,-2.6692964889799877,4.239080257375624,-20.544059512698023,-10.753235008743339,5.657210191340945,-2.041728845218524,-5.207809599992922,-1.5545258903285304,-3.3178478936971474,1.8095877537193927,-3.50341916481203,-11.43712443253237,-1.3095207541003788,-10.703092471514545,Dry_Cough
0.44141984877050616,0.013944586738944054,1499.8113695333818,1527.7201678089043,3034.2240767045455,0.08009080762987013,-453.79018794156366,106.74737596243942,-20.735201180689494,32.095652637577736,-12.286602234094643,6.740743556807136,0.1670537858641886,3.2301602088616614,-5.562189957108066,-3.0093694465241048,4.362115614773623,-4.560429293322094,-2.5655071654724986,0.4762564901339642,-7.1758549146960515,-4.407773191939334,-9.867689888791586,-6.673598430539237,-5.337822616942349,-6.07057596543376,Dry_Cough
0.4332857949330486,0.02365832030773163,1297.105372432463,1510.6030567876944,2688.8818359375,0.056459263392857145,-410.3025849736402,117.66732538554818,-19.57223720245371,25.24479647941416,-1.3510469659914848,7.806437313610411,-4.6997658508802305,-3.5042307210902446,-7.767849975771128,-6.077017512575717,1.22260460354747,-4.964972435170451,-4.378027726217054,-2.262021041249633,-5.06356079030757,-2.6684262582299154,-6.447179849478753,-8.971318177514801,-5.47337072364142,-5.665068487530182,Dry_Cough
0.40386219627323344,0.018018873408436775,1273.5886965044158,1459.4168188783754,2764.639559659091,0.053076806006493504,-395.17479749330533,115.81952883859002,-25.809027663586498,34.71414994072058,-7.460409739414197,13.353037030408792,-1.8843169114128553,-0.30545185156901866,-6.088946248820566,-5.068672765010037,6.239009411356127,-4.852553977678245,-4.2378226281289155,0.31572450129089824,-3.542773694904509,-3.6936756817527425,-8.376245464046509,-10.153374528031218,-7.099301940537114,-7.36355283818727,Dry_Cough
0.43082222343484144,0.04976879805326462,2161.003706676913,1701.8518907265036,3870.518936066938,0.14370107556706113,-286.43741985949526,89.2095609149431,-45.40684917954601,43.010257400673176,-12.175297719293459,7.398751742995247,-8.679185257515558,3.511435776296069,-16.37952687631459,8.301726722075406,-5.953155122497691,-10.088632384785116,1.2423443861684156,3.2861171039086634,-0.11665957862421952,-9.324130752019396,-6.512311250591064,-9.182097932612617,-5.0106502342893595,-3.8882649872884403,Dry_Cough
0.4372783660088442,0.05228382721543312,2101.603034088102,1822.257680071974,4054.9144476232395,0.1311265277965872,-298.97776420801165,91.31217842326744,-44.98483884884026,26.059089500679082,-12.140644362829741,22.753485355893584,-8.663037229199931,9.194652050238258,-15.882356889174662,-4.209129392308406,2.0828203932559353,-12.614260284772994,5.647752402434988,-2.7398039357934296,-2.786597838554587,-5.984607224900601,-8.481857430875305,-9.334751595995941,1.6431873770593541,-4.526125387165742,Dry_Cough
0.4302072354996733,0.046945858746767044,1613.9858167021546,1471.5617353125576,3125.5089393028848,0.10309173248626374,-329.337920406168,100.83405875702353,-33.7193239730588,26.345226096524268,-12.312944048246342,3.012808033293709,-12.775477365678858,-2.6812926224691447,-9.56308224164696,2.408856942546381,5.8423748047042,-6.95951551058549,-2.6594797060932684,-5.0261536557820286,3.9350866007185825,-4.282629488846454,-8.511385291744283,-8.71460122767986,-6.221658415849638,-4.555986962716065,Dry_Cough
0.3115391422660378,0.06074175238609314,1704.7548818717478,1458.7285369446408,3128.8839049258477,0.11567713850635593,-319.05244341142605,93.8495425738763,-21.931165136193325,18.35816638662191,-15.77052252440933,0.7450683885607787,-2.972332695128391,0.29595667814690113,-19.81958150481214,-2.8312340200218133,3.6608330379285396,-9.139279312058452,5.387629101345952,-0.82498707479436,-0.45568630109972424,-7.920090982392613,-6.6954761582388,-0.16219849176524356,-6.549189433085832,-7.316701542371818,Dry_Cough
0.4047001121056033,0.053073834627866745,2087.694220551255,1698.7707712561255,3643.5579913362258,0.1432530515432777,-287.41063009442075,90.13014742836567,-46.502207913996585,35.44812798963493,-8.125327932367203,3.194120927831053,-9.108616160059983,-0.7879658508625847,-19.13357878200873,9.37445447934114,-2.14309705122244,-15.988301486145085,5.323589970943283,6.09416794329048,4.884161954178584,-16.629338024315597,-1.5833819500446868,-5.483653847782548,-7.805992222872342,-5.870827353724429,Dry_Cough
0.47891215692199823,0.0331791415810585,1760.1280634611087,1567.937568652926,3345.05390625,0.09053515625,-334.39896700120005,104.00287868478021,-32.04422948712054,38.53522069819547,-20.838532687237834,2.523180238384406,-3.7008858898777524,1.85279020711685,-4.660679671159714,-3.2982740193287543,1.4839177872422329,-8.004204992661533,-0.4624270308720997,0.68047726607835,-1.0440217069285704,-7.960688315226277,-3.8388921878730686,-3.2154192382483147,-4.154895473002628,-3.0727570541410083,Dry_Cough
0.44381963047307826,0.019443783909082413,1656.1808588408906,1603.3290255628272,3283.7397327161816,0.08689734053938356,-395.1116489297229,101.97766668291969,-16.95242944279725,32.317575625383625,-6.684415475444659,-0.09160726989389978,-0.8587323882244541,-2.9195905067097523,-6.831117869421563,1.5604140915261178,4.693610235762147,-4.918963198007888,0.39614894652798543,-1.531741952370392,-9.263808451521506,-3.9135675729385504,-7.040511821047066,-4.9467066734917005,-4.797070651802488,-6.946574317900418,Dry_Cough
0.4140880490507787,0.0580255500972271,1875.957601329389,1557.1052183344314,3465.8870331228595,0.1177292915239726,-297.4516813240277,91.51694528885761,-49.09958151248359,19.156670181541017,-22.079353768716373,10.786433016006573,-5.775152920813236,9.771919519159894,-9.479470351891612,-3.5972289224471905,8.53513411182403,-6.501657795429289,-5.391291905491661,-5.7818588733161365,0.10022697825952269,-3.7200492298311865,-9.974590792826715,-1.0102865335722413,-4.400480508736529,-5.022890929054091,Dry_Cough
0.4107053571302054,0.0498913936316967,1780.148049041022,1665.9391567768369,3534.9526145241475,0.10340465198863637,-306.8794075694997,100.65320839871589,-34.63008253266238,15.523902734045157,-13.37989307501698,11.454611713307548,-17.684543403522817,11.139205926621077,-13.365904595815454,-3.4206063296017537,4.002836528180488,-10.50013408948995,-5.467452056276426,-1.3246501633343777,1.1470895788701259,-5.503799831158521,-11.221972870401515,-2.9048072822763067,-3.818440298643675,-3.6684938031607923,Dry_Cough
0.4253925032599141,0.038380492478609085,1420.7249313213283,1546.98153630126,2935.220574476048,0.06942072885479042,-331.7550022999972,115.03914647271088,-26.72023752988396,31.862234241861533,-8.31854223261926,8.663516677176483,-6.0519667387205605,2.6397708483437126,-3.071473404854036,-4.275070620888781,1.721084446081922,-6.31329765294377,1.3002178474001744,0.19500888448655387,-5.418160631455128,-4.110367527659864,-10.639679705884141,-8.457958114930861,-5.798363726997215,-7.249839030744235,Dry_Cough
0.42722841395260963,0.05117641016840935,1774.123088824318,1564.3506664223712,3427.5653545673076,0.10395024896978022,-311.2060883630447,80.04766487305584,-30.756219245813256,18.433137316612264,-5.452659156672718,-0.6370972977237153,-10.899593663874045,14.60542080793156,-5.459054171799457,-7.44776385613766,0.9891179456556674,-7.080040278585865,-4.671343806303565,0.5056623923658039,-2.1818454676227796,-5.53556344245188,-3.213372119611508,-1.7564041728113933,-3.96004709315954,-4.286071844190816,Dry_Cough
0.47775438594814756,0.021619468927383423,1299.6189685270208,1509.9242975214877,2716.259765625,0.05541410900297619,-385.65188708555115,108.45438673736702,-16.304288575924083,29.44374150376737,-0.1700507595910375,8.78610043157561,-5.16412386874759,8.08850949534976,-2.370340646578675,-3.533951077652575,-0.15828732998955014,-4.61652255495316,2.7522077740117745,-2.021829738729596,-8.233157607182203,-6.324647213409401,-7.112882900880466,-4.794941710083859,-7.499182068331678,-6.538690661487681,Dry_Cough
0.4005272265844498,0.0660591870546341,2090.3685878974175,1825.128429075142,4083.4705078125,0.126453125,-271.0523380555292,88.32061421670056,-32.14508327897722,7.519756152030757,-10.13596531763334,22.805082138176147,-14.7089589456803,11.074047921534591,-15.02433363854525,-2.0564879082823886,-4.42995512176649,-14.433955369063401,0.9417687981488864,3.2156118776884792,-7.40411397338109,-3.852350522484078,-7.915946271092639,-2.231910100291218,-8.909992541421152,-4.3805248199131945,Dry_Cough
0.4383773873434918,0.05128591135144234,2061.644108721233,1652.235844043219,3859.775390625,0.1268368675595238,-265.8813398216942,84.47221282007759,-54.87311593286658,44.89462176760471,-7.110102913116347,23.31194092996297,-16.11233337697823,16.555456470967293,-9.821808985429582,-1.8738359547431687,-0.40247657191194514,-4.237577646090792,3.2108635216485335,-0.042639492027120425,-8.063607972412589,-6.134506371729882,-1.9818168011062332,-10.671758913796811,-6.803053639003924,-7.519366097888721,Dry_Cough
0.43345048255909224,0.055349767208099365,1700.8398251814012,1622.625515821185,3344.6640014648438,0.09444754464285714,-311.19329874865315,99.07813769799989,-38.816635792637975,13.42568635498517,-9.003985517267546,9.391044113522513,-8.431156147101737,9.217552710278838,-12.44601283486366,2.707977615051331,-5.923420191717248,-4.773629000251087,1.0386729275214328,3.2636464164581738,-4.357622754028526,-5.066169036951075,-7.7291411244242125,-6.910267636770189,-5.950957838811626,-5.010010789451881,Dry_Cough
0.3786766115692107,0.08342311531305313,2006.3813864897656,1490.580197293429,3378.011661407362,0.13911758368549823,-239.96287848662135,93.86947237087384,-70.98284855038757,23.824746413058897,-22.800324671825855,0.6608101854370318,-2.174347850083681,9.499140167148203,-2.245825533434453,-2.5546154847548617,-3.8273143755281236,-6.863316845301131,-0.602486068676605,7.1575819115403565,3.8505637351086337,-10.668022531414344,-2.399019413615414,-7.592685073723445,-5.485195817132228,-7.9849560506864075,Dry_Cough
0.40300135877743615,0.06137876957654953,2187.623705704267,1765.1647840431365,4068.357566550926,0.14482060185185186,-265.4668821024986,78.14229512666627,-46.59409477912345,17.215002549874118,-15.00961428312492,16.44862668347862,-15.561641851332826,4.847857607507888,-17.073970286911333,-2.543234729324565,1.3038784186155241,-11.126493835611905,-0.24580636962597754,5.56841801399309,-4.390691141061688,-6.303779280634332,-3.8871311201763774,-8.419825625119051,-1.241536794628999,-3.318790808423955,Dry_Cough
0.40300135877743615,0.06137876957654953,2187.623705704267,1765.1647840431365,4068.357566550926,0.14482060185185186,-265.4668821024986,78.14229512666627,-46.59409477912345,17.215002549874118,-15.00961428312492,16.44862668347862,-15.561641851332826,4.847857607507888,-17.073970286911333,-2.543234729324565,1.3038784186155241,-11.126493835611905,-0.24580636962597754,5.56841801399309,-4.390691141061688,-6.303779280634332,-3.8871311201763774,-8.419825625119051,-1.241536794628999,-3.318790808423955,Dry_Cough
0.40300135877743615,0.06137876957654953,2187.623705704267,1765.1647840431365,4068.357566550926,0.14482060185185186,-265.4668821024986,78.14229512666627,-46.59409477912345,17.215002549874118,-15.00961428312492,16.44862668347862,-15.561641851332826,4.847857607507888,-17.073970286911333,-2.543234729324565,1.3038784186155241,-11.126493835611905,-0.24580636962597754,5.56841801399309,-4.390691141061688,-6.303779280634332,-3.8871311201763774,-8.419825625119051,-1.241536794628999,-3.318790808423955,Dry_Cough
0.43841804865357026,0.03594489395618439,1241.1246931305504,1438.6323400216413,2477.064559483292,0.06051545095915842,-347.8354775036532,113.15694132830411,-15.544046190942069,25.80818537039579,3.0740967513679327,0.966042888497884,-1.458015842219577,-4.29661685430743,-3.1690385659546028,0.12905184875123,3.9623987732872834,-6.9683531236496785,-5.089922548517594,-0.785886625386695,-5.36946463645138,-4.934285911170659,-5.799460425352671,-9.015436275297485,-5.434522044737984,-9.411215670136023,Dry_Cough
0.4391242075743277,0.029243169352412224,1572.9360273419286,1594.4398312629112,3082.259045617055,0.08364092293432203,-369.1893162959505,88.47644382845691,-11.195159464942162,31.549155282464188,0.2468395192866608,14.755520952185593,4.159117418375362,13.952144792246022,-5.612873980553857,-3.0192575333718445,10.577077986738528,-6.497283075782265,-2.2950370489009004,2.4488432129112665,-0.38762146655176233,-0.3124347935190728,-5.035546649082497,-9.46986734433118,-2.451173688598242,-2.716481435925583,Dry_Cough
0.4110522420950166,0.02197849191725254,1141.0005494215136,1397.946873172236,2347.29140625,0.051890625,-379.0384944340276,132.42587755787,-21.50846530180688,39.96654428321481,-2.187492500873815,4.74486177373906,-3.7429789696999842,2.917542952237534,-6.938502492586991,-5.832429244764404,-0.8932293276558882,0.7514191019632134,-1.1864963428305624,-7.807514041946532,-5.010540953215228,-3.3891195193053294,-4.268081602070902,-4.28930920265486,0.16467250581199533,-8.830084837758646,Dry_Cough
0.4110522420950166,0.02197849191725254,1141.0005494215136,1397.946873172236,2347.29140625,0.051890625,-379.0384944340276,132.42587755787,-21.50846530180688,39.96654428321481,-2.187492500873815,4.74486177373906,-3.7429789696999842,2.917542952237534,-6.938502492586991,-5.832429244764404,-0.8932293276558882,0.7514191019632134,-1.1864963428305624,-7.807514041946532,-5.010540953215228,-3.3891195193053294,-4.268081602070902,-4.28930920265486,0.16467250581199533,-8.830084837758646,Dry_Cough
0.4298299894258216,0.05672553926706314,1506.1390008091123,1364.0755691799836,2644.668856534091,0.09371195211038962,-323.67183818145446,100.73165698999739,-48.89116977077302,19.514074815873993,-13.610387798191663,12.212987379670734,-13.160425926845368,4.020485162086401,-13.836378255450663,-3.8253955239470185,1.2794043990665405,-2.293447835416895,-3.3287791800604936,-1.965488144404605,0.31089674366439873,-6.056923305400602,-4.716254555624488,-10.109970499390853,-1.632292022285615,-6.636286795926554,Dry_Cough
0.4298299894258216,0.05672553926706314,1506.1390008091123,1364.0755691799836,2644.668856534091,0.09371195211038962,-323.67183818145446,100.73165698999739,-48.89116977077302,19.514074815873993,-13.610387798191663,12.212987379670734,-13.160425926845368,4.020485162086401,-13.836378255450663,-3.8253955239470185,1.2794043990665405,-2.293447835416895,-3.3287791800604936,-1.965488144404605,0.31089674366439873,-6.056923305400602,-4.716254555624488,-10.109970499390853,-1.632292022285615,-6.636286795926554,Dry_Cough
0.4298299894258216,0.05672553926706314,1506.1390008091123,1364.0755691799836,2644.668856534091,0.09371195211038962,-323.67183818145446,100.73165698999739,-48.89116977077302,19.514074815873993,-13.610387798191663,12.212987379670734,-13.160425926845368,4.020485162086401,-13.836378255450663,-3.8253955239470185,1.2794043990665405,-2.293447835416895,-3.3287791800604936,-1.965488144404605,0.31089674366439873,-6.056923305400602,-4.716254555624488,-10.109970499390853,-1.632292022285615,-6.636286795926554,Dry_Cough
0.37884218701192657,0.04350000619888306,1289.724416243952,1236.0785888204034,2311.1838600852275,0.07172661323051949,-349.328075150412,112.26819906123431,-41.113287831670355,24.32149129719873,-1.1738729625076332,1.92381447466737,-4.180225401611801,-0.9707875094119702,-4.266258523563739,-3.387433962051508,5.608386093827984,-0.2271890744134877,-8.587127024894619,-4.478436539229313,-2.792862529392722,-9.175261807492586,-9.30876812547012,-6.004944492306355,-4.149203305860325,-7.2711959426363375,Dry_Cough
0.37884218701192657,0.04350000619888306,1289.724416243952,1236.0785888204034,2311.1838600852275,0.07172661323051949,-349.328075150412,112.26819906123431,-41.113287831670355,24.32149129719873,-1.1738729625076332,1.92381447466737,-4.180225401611801,-0.9707875094119702,-4.266258523563739,-3.387433962051508,5.608386093827984,-0.2271890744134877,-8.587127024894619,-4.478436539229313,-2.792862529392722,-9.175261807492586,-9.30876812547012,-6.004944492306355,-4.149203305860325,-7.2711959426363375,Dry_Cough
0.37884218701192657,0.04350000619888306,1289.724416243952,1236.0785888204034,2311.1838600852275,0.07172661323051949,-349.328075150412,112.26819906123431,-41.113287831670355,24.32149129719873,-1.1738729625076332,1.92381447466737,-4.180225401611801,-0.9707875094119702,-4.266258523563739,-3.387433962051508,5.608386093827984,-0.2271890744134877,-8.587127024894619,-4.478436539229313,-2.792862529392722,-9.175261807492586,-9.30876812547012,-6.004944492306355,-4.149203305860325,-7.2711959426363375,Dry_Cough
0.4187438070221703,0.052189964801073074,1280.4727444662376,1317.9503642310958,2344.81201171875,0.06653994605654762,-334.40551955534033,118.58506014331927,-42.18272495924311,24.27917470186864,-6.709187137405384,8.50379984138525,-15.669132087227293,-3.6795113766637675,-6.282086757991229,-2.3649282735919606,2.9622054987817386,-3.86991413774006,0.15136413767794515,-1.5705842926266007,-5.408689170345701,-4.987425494034444,-6.1523378922266705,-11.406421731047768,-4.1270304660143555,-5.132787608020098,Dry_Cough
0.4187438070221703,0.052189964801073074,1280.4727444662376,1317.9503642310958,2344.81201171875,0.06653994605654762,-334.40551955534033,118.58506014331927,-42.18272495924311,24.27917470186864,-6.709187137405384,8.50379984138525,-15.669132087227293,-3.6795113766637675,-6.282086757991229,-2.3649282735919606,2.9622054987817386,-3.86991413774006,0.15136413767794515,-1.5705842926266007,-5.408689170345701,-4.987425494034444,-6.1523378922266705,-11.406421731047768,-4.1270304660143555,-5.132787608020098,Dry_Cough
0.4187438070221703,0.052189964801073074,1280.4727444662376,1317.9503642310958,2344.81201171875,0.06653994605654762,-334.40551955534033,118.58506014331927,-42.18272495924311,24.27917470186864,-6.709187137405384,8.50379984138525,-15.669132087227293,-3.6795113766637675,-6.282086757991229,-2.3649282735919606,2.9622054987817386,-3.86991413774006,0.15136413767794515,-1.5705842926266007,-5.408689170345701,-4.987425494034444,-6.1523378922266705,-11.406421731047768,-4.1270304660143555,-5.132787608020098,Dry_Cough
0.38524884669147785,0.05933414027094841,1748.7102070032788,1407.1144824780274,2945.3292219606165,0.1133648598030822,-257.24259637732496,106.89011801249671,-59.39043411047657,9.780075575916577,-10.461142137953075,10.489367039695823,-8.509685259239603,2.9221452183716137,-21.285726812721336,-16.287493827930817,-4.975165191517145,2.437563622908329,0.28732903553421935,-1.5180234502432328,1.7405759733490058,-6.163871656972545,-2.153874867303303,-8.547397364419819,0.6802419361479786,-7.923014389526284,Dry_Cough
0.38524884669147785,0.05933414027094841,1748.7102070032788,1407.1144824780274,2945.3292219606165,0.1133648598030822,-257.24259637732496,106.89011801249671,-59.39043411047657,9.780075575916577,-10.461142137953075,10.489367039695823,-8.509685259239603,2.9221452183716137,-21.285726812721336,-16.287493827930817,-4.975165191517145,2.437563622908329,0.28732903553421935,-1.5180234502432328,1.7405759733490058,-6.163871656972545,-2.153874867303303,-8.547397364419819,0.6802419361479786,-7.923014389526284,Dry_Cough
0.4594548234817911,0.03843224048614502,1349.4536605159278,1384.7535008116095,2664.9436257102275,0.06846083603896104,-368.43241701370306,106.71623000591846,-34.57491079880984,22.737041937600175,-9.006512523281646,8.472307116922753,-1.0012926921142478,-2.0681711329794266,-3.38057440636541,4.085552289076257,-5.087597982084872,-6.9240109148837785,-0.1455278220164926,-4.239582032070904,0.27479077013531333,-4.919458505730699,-6.468621712243266,-5.615361136122107,-2.5014576540949487,-5.744164810070843,Dry_Cough
0.4594548234817911,0.03843224048614502,1349.4536605159278,1384.7535008116095,2664.9436257102275,0.06846083603896104,-368.43241701370306,106.71623000591846,-34.57491079880984,22.737041937600175,-9.006512523281646,8.472307116922753,-1.0012926921142478,-2.0681711329794266,-3.38057440636541,4.085552289076257,-5.087597982084872,-6.9240109148837785,-0.1455278220164926,-4.239582032070904,0.27479077013531333,-4.919458505730699,-6.468621712243266,-5.615361136122107,-2.5014576540949487,-5.744164810070843,Dry_Cough
0.4203863169949094,0.034933239221572876,1668.5083593870813,1519.1050111227871,3167.7471454326924,0.08213856456043957,-343.4192040569586,105.47197303201696,-34.55693623766002,28.969491889729756,-22.751989037864305,8.448773735214813,-4.439241912504447,8.40997858352357,-3.6098428166274235,-4.717814897541327,-2.8022257137727182,-3.5371045352735546,-0.059417487046959254,1.6322633627165806,-2.4920106822556685,-6.847466376209871,-8.41082074252695,-4.262098522328235,-4.021988601415608,-3.308170924268622,Dry_Cough
0.4203863169949094,0.034933239221572876,1668.5083593870813,1519.1050111227871,3167.7471454326924,0.08213856456043957,-343.4192040569586,105.47197303201696,-34.55693623766002,28.969491889729756,-22.751989037864305,8.448773735214813,-4.439241912504447,8.40997858352357,-3.6098428166274235,-4.717814897541327,-2.8022257137727182,-3.5371045352735546,-0.059417487046959254,1.6322633627165806,-2.4920106822556685,-6.847466376209871,-8.41082074252695,-4.262098522328235,-4.021988601415608,-3.308170924268622,Dry_Cough
0.41369647350112115,0.06288059055805206,1764.220391464741,1550.9549000037555,3317.2330078125,0.10676953125,-273.46741958217933,108.23962802222638,-39.14651987409535,33.088628791206936,-24.514857227712344,8.26493369185454,-9.644216749925858,4.318186313659501,-19.7121751585043,1.2210010188644245,-3.649145077345951,-12.172030321215972,-0.25243662281434326,-3.124765883669335,0.8925310842677094,-5.925327045676485,-6.426705556309474,-3.6322011362352087,-1.6109125269107611,-7.319996521925186,Dry_Cough
0.41369647350112115,0.06288059055805206,1764.220391464741,1550.9549000037555,3317.2330078125,0.10676953125,-273.46741958217933,108.23962802222638,-39.14651987409535,33.088628791206936,-24.514857227712344,8.26493369185454,-9.644216749925858,4.318186313659501,-19.7121751585043,1.2210010188644245,-3.649145077345951,-12.172030321215972,-0.25243662281434326,-3.124765883669335,0.8925310842677094,-5.925327045676485,-6.426705556309474,-3.6322011362352087,-1.6109125269107611,-7.319996521925186,Dry_Cough
0.407936455183212,0.04577493295073509,1128.445792483967,1328.0808879561503,2058.5028379661603,0.05364349533839779,-363.1623683090758,131.74515886873664,-12.672922831430569,18.025793108816956,-7.538958660059782,1.6640084705971896,21.28412024322423,12.896412603058744,-13.81077738822253,1.2036925976708988,0.8153644587205543,-0.1796134528184762,-5.426765044919226,-7.666127437392759,0.4562310479544127,-1.1533074864993695,1.3299967719108117,-1.9564082471697786,-0.5863772218731732,-7.994915611628821,Dry_Cough
0.407936455183212,0.04577493295073509,1128.445792483967,1328.0808879561503,2058.5028379661603,0.05364349533839779,-363.1623683090758,131.74515886873664,-12.672922831430569,18.025793108816956,-7.538958660059782,1.6640084705971896,21.28412024322423,12.896412603058744,-13.81077738822253,1.2036925976708988,0.8153644587205543,-0.1796134528184762,-5.426765044919226,-7.666127437392759,0.4562310479544127,-1.1533074864993695,1.3299967719108117,-1.9564082471697786,-0.5863772218731732,-7.994915611628821,Dry_Cough
0.407936455183212,0.04577493295073509,1128.445792483967,1328.0808879561503,2058.5028379661603,0.05364349533839779,-363.1623683090758,131.74515886873664,-12.672922831430569,18.025793108816956,-7.538958660059782,1.6640084705971896,21.28412024322423,12.896412603058744,-13.81077738822253,1.2036925976708988,0.8153644587205543,-0.1796134528184762,-5.426765044919226,-7.666127437392759,0.4562310479544127,-1.1533074864993695,1.3299967719108117,-1.9564082471697786,-0.5863772218731732,-7.994915611628821,Dry_Cough
0.407936455183212,0.04577493295073509,1128.445792483967,1328.0808879561503,2058.5028379661603,0.05364349533839779,-363.1623683090758,131.74515886873664,-12.672922831430569,18.025793108816956,-7.538958660059782,1.6640084705971896,21.28412024322423,12.896412603058744,-13.81077738822253,1.2036925976708988,0.8153644587205543,-0.1796134528184762,-5.426765044919226,-7.666127437392759,0.4562310479544127,-1.1533074864993695,1.3299967719108117,-1.9564082471697786,-0.5863772218731732,-7.994915611628821,Dry_Cough
0.3857155873227378,0.05054856836795807,840.0245884187492,1068.2924986069422,1409.501953125,0.03323102678571429,-383.62442107994,105.1566330515119,-1.5761872755355388,29.17540534209844,14.988844238335872,12.564121598329836,9.520297489036807,11.64761661743791,-0.3673708254972678,-2.5722745339221382,6.715309293440654,0.4776161426296465,0.322242389624078,2.1548774777866533,1.7058183654200638,-0.9402639444595812,0.011220732108524345,-1.4181175770446532,-1.3744461469257017,-3.1228790569609775,Dry_Cough
0.42347364925144054,0.03600152209401131,1763.70589532862,1519.2967776155758,3264.9462890625,0.1061337425595238,-343.4614362109228,102.57894429407516,-43.05345892635739,26.32239892662014,-25.815087689915952,11.468980011898804,-7.123255726497243,3.7270102855454144,-7.132767332542796,-2.866690353874482,5.762929483303012,-4.963218653679461,-5.113181913064086,-4.349399622358556,2.646296930298028,-6.1113170269106405,-12.617032641301009,0.3698284004116104,-4.787635799083931,-7.155506099271758,Dry_Cough
0.42347364925144054,0.03600152209401131,1763.70589532862,1519.2967776155758,3264.9462890625,0.1061337425595238,-343.4614362109228,102.57894429407516,-43.05345892635739,26.32239892662014,-25.815087689915952,11.468980011898804,-7.123255726497243,3.7270102855454144,-7.132767332542796,-2.866690353874482,5.762929483303012,-4.963218653679461,-5.113181913064086,-4.349399622358556,2.646296930298028,-6.1113170269106405,-12.617032641301009,0.3698284004116104,-4.787635799083931,-7.155506099271758,Dry_Cough
0.42347364925144054,0.03600152209401131,1763.70589532862,1519.2967776155758,3264.9462890625,0.1061337425595238,-343.4614362109228,102.57894429407516,-43.05345892635739,26.32239892662014,-25.815087689915952,11.468980011898804,-7.123255726497243,3.7270102855454144,-7.132767332542796,-2.866690353874482,5.762929483303012,-4.963218653679461,-5.113181913064086,-4.349399622358556,2.646296930298028,-6.1113170269106405,-12.617032641301009,0.3698284004116104,-4.787635799083931,-7.155506099271758,Dry_Cough
0.42347364925144054,0.03600152209401131,1763.70589532862,1519.2967776155758,3264.9462890625,0.1061337425595238,-343.4614362109228,102.57894429407516,-43.05345892635739,26.32239892662014,-25.815087689915952,11.468980011898804,-7.123255726497243,3.7270102855454144,-7.132767332542796,-2.866690353874482,5.762929483303012,-4.963218653679461,-5.113181913064086,-4.349399622358556,2.646296930298028,-6.1113170269106405,-12.617032641301009,0.3698284004116104,-4.787635799083931,-7.155506099271758,Dry_Cough
0.4005278241274177,0.05510189011693001,1771.221909572274,1502.8190486259934,3202.2483132102275,0.11530095880681818,-304.05096868718425,109.47339549048421,-49.54275444660045,28.114016099967028,-29.357158274957914,13.061593996043522,3.3176697556754315,5.394941159963947,-22.099192326197937,-4.7814191496008345,-0.746827492199127,-12.565497732753519,1.8437311308705338,-4.826924593089066,11.162674553834698,-13.194808326127252,-12.05115467678601,4.2366666011958465,-6.994601789108789,-8.209458950750927,Dry_Cough
0.4005278241274177,0.05510189011693001,1771.221909572274,1502.8190486259934,3202.2483132102275,0.11530095880681818,-304.05096868718425,109.47339549048421,-49.54275444660045,28.114016099967028,-29.357158274957914,13.061593996043522,3.3176697556754315,5.394941159963947,-22.099192326197937,-4.7814191496008345,-0.746827492199127,-12.565497732753519,1.8437311308705338,-4.826924593089066,11.162674553834698,-13.194808326127252,-12.05115467678601,4.2366666011958465,-6.994601789108789,-8.209458950750927,Dry_Cough
0.4005278241274177,0.05510189011693001,1771.221909572274,1502.8190486259934,3202.2483132102275,0.11530095880681818,-304.05096868718425,109.47339549048421,-49.54275444660045,28.114016099967028,-29.357158274957914,13.061593996043522,3.3176697556754315,5.394941159963947,-22.099192326197937,-4.7814191496008345,-0.746827492199127,-12.565497732753519,1.8437311308705338,-4.826924593089066,11.162674553834698,-13.194808326127252,-12.05115467678601,4.2366666011958465,-6.994601789108789,-8.209458950750927,Dry_Cough
0.4005278241274177,0.05510189011693001,1771.221909572274,1502.8190486259934,3202.2483132102275,0.11530095880681818,-304.05096868718425,109.47339549048421,-49.54275444660045,28.114016099967028,-29.357158274957914,13.061593996043522,3.3176697556754315,5.394941159963947,-22.099192326197937,-4.7814191496008345,-0.746827492199127,-12.565497732753519,1.8437311308705338,-4.826924593089066,11.162674553834698,-13.194808326127252,-12.05115467678601,4.2366666011958465,-6.994601789108789,-8.209458950750927,Dry_Cough
0.39861829135936383,0.06217946857213974,1789.5163578246334,1501.2653752813428,3269.4063694357014,0.10649097909172661,-291.03481970267234,114.11263561404519,-51.86155283019202,27.537982175852324,-27.971923994769277,6.878416934141678,-9.945736645374664,5.703270066737317,-14.861329281350143,-10.743539003510675,12.077843209134947,-3.073120003469167,-5.711758358539726,-5.097337587349054,13.114846317035077,-7.538158839285793,-11.64582369480589,-2.236961869519658,-7.476998837428916,-6.158170230685731,Dry_Cough
0.3934800500532086,0.053556084632873535,1523.1284920931319,1424.3800921997604,2917.236328125,0.08693150111607142,-320.0405635166883,111.04541591118117,-47.34205379379937,29.747002156236743,-25.884446607549233,15.18503512260207,-5.990059874226578,3.7166951572862734,-12.077293165974888,0.06724873085294304,8.622752365766889,-4.5898727777916895,-1.3194841180271044,-5.570535071303559,3.004195904788445,-7.443753968402463,-9.229807363064864,-2.331509712265953,-9.255520029337996,-6.257119174042775,Dry_Cough
0.3934800500532086,0.053556084632873535,1523.1284920931319,1424.3800921997604,2917.236328125,0.08693150111607142,-320.0405635166883,111.04541591118117,-47.34205379379937,29.747002156236743,-25.884446607549233,15.18503512260207,-5.990059874226578,3.7166951572862734,-12.077293165974888,0.06724873085294304,8.622752365766889,-4.5898727777916895,-1.3194841180271044,-5.570535071303559,3.004195904788445,-7.443753968402463,-9.229807363064864,-2.331509712265953,-9.255520029337996,-6.257119174042775,Dry_Cough
0.3934800500532086,0.053556084632873535,1523.1284920931319,1424.3800921997604,2917.236328125,0.08693150111607142,-320.0405635166883,111.04541591118117,-47.34205379379937,29.747002156236743,-25.884446607549233,15.18503512260207,-5.990059874226578,3.7166951572862734,-12.077293165974888,0.06724873085294304,8.622752365766889,-4.5898727777916895,-1.3194841180271044,-5.570535071303559,3.004195904788445,-7.443753968402463,-9.229807363064864,-2.331509712265953,-9.255520029337996,-6.257119174042775,Dry_Cough
0.4334833236097879,0.05230477452278137,1924.337538785136,1760.414633842425,3914.8050511136967,0.107177734375,-274.64842996821943,102.5062044937934,-35.27218227739551,26.42583566257254,-29.91207656981067,18.88644964553303,-4.305345295536673,8.791459553708124,-12.79080492617497,-3.4559078385160618,-3.2519783590671585,-11.14527069767887,-5.2761631964193345,-2.525218159847127,8.051880602109371,-10.573198911380025,-11.293522543193735,3.0283844416102705,-10.33754346969789,-5.326221029234585,Dry_Cough
0.4334833236097879,0.05230477452278137,1924.337538785136,1760.414633842425,3914.8050511136967,0.107177734375,-274.64842996821943,102.5062044937934,-35.27218227739551,26.42583566257254,-29.91207656981067,18.88644964553303,-4.305345295536673,8.791459553708124,-12.79080492617497,-3.4559078385160618,-3.2519783590671585,-11.14527069767887,-5.2761631964193345,-2.525218159847127,8.051880602109371,-10.573198911380025,-11.293522543193735,3.0283844416102705,-10.33754346969789,-5.326221029234585,Dry_Cough
0.4334833236097879,0.05230477452278137,1924.337538785136,1760.414633842425,3914.8050511136967,0.107177734375,-274.64842996821943,102.5062044937934,-35.27218227739551,26.42583566257254,-29.91207656981067,18.88644964553303,-4.305345295536673,8.791459553708124,-12.79080492617497,-3.4559078385160618,-3.2519783590671585,-11.14527069767887,-5.2761631964193345,-2.525218159847127,8.051880602109371,-10.573198911380025,-11.293522543193735,3.0283844416102705,-10.33754346969789,-5.326221029234585,Dry_Cough
0.39039725626137656,0.07526136189699173,1695.2300900322305,1485.3475838538632,3218.44482421875,0.1006498790922619,-289.6186815236611,92.84315469576744,-45.17778303744391,23.226251798564615,-24.72365759318513,19.51401749826923,-4.013739614076441,2.004216938032354,-15.936102851069453,-1.397965446967857,3.7583635067134074,-4.601703957592006,-0.12171210750242802,-3.855064407984106,8.702330183200841,-7.709684927905944,-9.713562956035663,3.365252219767015,-9.013304438538285,-9.010866491943904,Dry_Cough
0.39039725626137656,0.07526136189699173,1695.2300900322305,1485.3475838538632,3218.44482421875,0.1006498790922619,-289.6186815236611,92.84315469576744,-45.17778303744391,23.226251798564615,-24.72365759318513,19.51401749826923,-4.013739614076441,2.004216938032354,-15.936102851069453,-1.397965446967857,3.7583635067134074,-4.601703957592006,-0.12171210750242802,-3.855064407984106,8.702330183200841,-7.709684927905944,-9.713562956035663,3.365252219767015,-9.013304438538285,-9.010866491943904,Dry_Cough
0.39039725626137656,0.07526136189699173,1695.2300900322305,1485.3475838538632,3218.44482421875,0.1006498790922619,-289.6186815236611,92.84315469576744,-45.17778303744391,23.226251798564615,-24.72365759318513,19.51401749826923,-4.013739614076441,2.004216938032354,-15.936102851069453,-1.397965446967857,3.7583635067134074,-4.601703957592006,-0.12171210750242802,-3.855064407984106,8.702330183200841,-7.709684927905944,-9.713562956035663,3.365252219767015,-9.013304438538285,-9.010866491943904,Dry_Cough
0.4174226431422118,0.02275281958281994,1757.5440744996815,1524.4707224907597,3248.4375,0.09963083791208792,-359.7671057751244,108.02436595210835,-37.9461491113066,37.09264484796917,-24.805628206046144,18.890215869799245,-10.239756741161928,3.991799403656879,-10.642163219769717,-2.6699104509894696,5.794212376190599,-2.717354507330386,0.15913832607622203,0.424115234818166,0.4680800152078294,-9.378202411676089,-7.660456240506638,-4.219731002598464,-12.873458951225928,-3.91584409744846,Dry_Cough
0.4174226431422118,0.02275281958281994,1757.5440744996815,1524.4707224907597,3248.4375,0.09963083791208792,-359.7671057751244,108.02436595210835,-37.9461491113066,37.09264484796917,-24.805628206046144,18.890215869799245,-10.239756741161928,3.991799403656879,-10.642163219769717,-2.6699104509894696,5.794212376190599,-2.717354507330386,0.15913832607622203,0.424115234818166,0.4680800152078294,-9.378202411676089,-7.660456240506638,-4.219731002598464,-12.873458951225928,-3.91584409744846,Dry_Cough
0.4174226431422118,0.02275281958281994,1757.5440744996815,1524.4707224907597,3248.4375,0.09963083791208792,-359.7671057751244,108.02436595210835,-37.9461491113066,37.09264484796917,-24.805628206046144,18.890215869799245,-10.239756741161928,3.991799403656879,-10.642163219769717,-2.6699104509894696,5.794212376190599,-2.717354507330386,0.15913832607622203,0.424115234818166,0.4680800152078294,-9.378202411676089,-7.660456240506638,-4.219731002598464,-12.873458951225928,-3.91584409744846,Dry_Cough
0.4438615361876884,0.03439702093601227,1544.2579599931655,1580.9565677480837,3101.5237742456898,0.07674714888649425,-356.67717641392886,111.82925710411122,-31.049613153431768,17.942120465109447,-18.951400218079353,0.5411664927001657,-6.767748571963156,-1.2791429700973758,-4.31004962166104,-4.000919580380744,-0.2618720000643488,-2.4414106296903793,-1.7514473925220775,-7.1213454959705285,2.2199562384794933,-3.2837976541402494,-8.251059298547748,-4.860680828301627,-6.713199694155761,-7.699917100351876,Dry_Cough
0.4438615361876884,0.03439702093601227,1544.2579599931655,1580.9565677480837,3101.5237742456898,0.07674714888649425,-356.67717641392886,111.82925710411122,-31.049613153431768,17.942120465109447,-18.951400218079353,0.5411664927001657,-6.767748571963156,-1.2791429700973758,-4.31004962166104,-4.000919580380744,-0.2618720000643488,-2.4414106296903793,-1.7514473925220775,-7.1213454959705285,2.2199562384794933,-3.2837976541402494,-8.251059298547748,-4.860680828301627,-6.713199694155761,-7.699917100351876,Dry_Cough
0.4438615361876884,0.03439702093601227,1544.2579599931655,1580.9565677480837,3101.5237742456898,0.07674714888649425,-356.67717641392886,111.82925710411122,-31.049613153431768,17.942120465109447,-18.951400218079353,0.5411664927001657,-6.767748571963156,-1.2791429700973758,-4.31004962166104,-4.000919580380744,-0.2618720000643488,-2.4414106296903793,-1.7514473925220775,-7.1213454959705285,2.2199562384794933,-3.2837976541402494,-8.251059298547748,-4.860680828301627,-6.713199694155761,-7.699917100351876,Dry_Cough
0.4438000912524276,0.031541552394628525,1737.1327321266788,1598.14137975977,3139.9716796875,0.10662890625,-354.6198633836842,107.51139007561962,-40.398054261265095,24.485195619093112,-24.790050968086774,8.163987410541603,-10.074334239474775,7.361766317494956,-10.68370475377323,1.0162978064333892,-3.0286422462794444,-7.611115721316596,0.03727112387138115,-1.1642502373668595,0.27232498151775714,-6.342031298249911,-6.010573478424409,-3.660301372032288,-8.85080407124662,-6.467150519597701,Dry_Cough
0.4438000912524276,0.031541552394628525,1737.1327321266788,1598.14137975977,3139.9716796875,0.10662890625,-354.6198633836842,107.51139007561962,-40.398054261265095,24.485195619093112,-24.790050968086774,8.163987410541603,-10.074334239474775,7.361766317494956,-10.68370475377323,1.0162978064333892,-3.0286422462794444,-7.611115721316596,0.03727112387138115,-1.1642502373668595,0.27232498151775714,-6.342031298249911,-6.010573478424409,-3.660301372032288,-8.85080407124662,-6.467150519597701,Dry_Cough
0.39268935830222296,0.051811717450618744,2047.9430587231566,1665.6068189145383,3743.31767578125,0.13783723958333333,-280.2713530030683,100.34084161586912,-51.206404619199766,19.822704504249383,-27.44423495177783,11.114473349069156,-9.608341972902524,4.018661696126761,-18.99832947782533,-15.08396328004194,6.14877320375277,-7.84988201567332,-1.1040486490928836,6.255615058085163,6.515752441241483,-9.462884390562596,-6.8045682760718895,-7.48089937629419,-0.1001032764037526,-10.716861290672167,Dry_Cough
0.4359978628857509,0.04747122898697853,1577.9712554252317,1591.6363803220154,3051.675042873476,0.09085495773281596,-300.5751731189394,113.35065072904003,-24.063458852659107,7.232984661077691,-17.562069785382686,14.642017333791419,1.555251128373863,-12.466544443319178,-12.94158867512271,-10.119368805366948,0.33508690833209315,2.1275749570580005,-2.656318558306152,-4.548123807721525,4.023675447500583,-5.489876114374711,-11.697812270529917,-3.5885249696460813,0.9825748613534764,-10.943826733107882,Dry_Cough
0.4809049313995234,0.026824472472071648,1387.0240907670104,1431.6011424053572,2552.5458984375,0.0760078125,-379.126650081221,125.25368988314663,-33.4120867740677,25.214817833423762,-8.39862358221128,3.9915987897168637,-6.923389241907191,0.7024640758702885,-7.246242712713252,-4.72007784862337,2.0827871191458605,-1.9310290728604937,-3.519479030428319,-4.459729080030677,0.16562257339135275,-6.088547401204358,-1.9352881272486417,-4.706144958111043,-3.4120077493043315,-3.5026582342597705,Dry_Cough
0.4631227178528003,0.05029907450079918,1632.5331448618083,1587.8575914168543,3194.3492940723095,0.09163484445067265,-302.4437712949791,107.25882683944795,-34.597952183008644,10.459510815560328,-10.655829233817645,12.538253983072398,-3.8689663798681844,3.064239263394694,-10.727813646999012,-10.602791149286627,4.440521807648767,-1.3640189966315148,-7.423413051943437,-2.6852820218899556,-0.9657760324651143,-7.960024952464512,2.10116564551021,-9.254955420485917,-2.134913902459693,-2.015355582537486,Dry_Cough
0.3860118818125342,0.05985617637634277,1914.8349569586387,1439.4064294007403,3336.4458921144333,0.1298617356115108,-269.73631625861293,101.12018126591707,-70.31106969316743,32.70670975907113,-20.457445691490832,8.981399228334386,-12.581002122372375,10.046636998239002,7.771206527020126,-1.5344049024006043,-1.7230517478737881,1.3085557512953134,-7.184300777723829,-5.761910806722255,4.090726616402092,-11.879909647677444,-0.374434014151054,-8.859119537796706,-5.530284340349231,-8.004083493326622,Dry_Cough
0.44572858119567155,0.0525861456990242,2012.1617202304046,1664.2400293902244,3648.611270680147,0.13585548151552287,-302.28998469377945,87.96998251749292,-33.187382747923444,30.008067267184842,-11.478346985456596,-3.3312632316165454,-9.533529819198243,-1.336481777511711,-18.299101332468958,-0.07939555702837653,5.826508623068138,-14.83225122462813,-3.8824110651659147,12.056953468531201,-0.6695477831875984,-3.991702908430637,-2.8586166809867826,-10.4057271542344,-2.0442648677094755,-5.797967304184,Dry_Cough
0.4612429627288165,0.0343676432967186,1599.0805247287276,1589.6162210505252,2952.2021484375,0.087734375,-363.23409614066253,113.4943399070027,-31.42694815121218,29.875813682005457,-7.177770624230558,7.138108351046626,-6.408105165394239,0.2413559947962475,-10.414008338792044,-2.4545348869693826,5.462232206130518,-6.0516934738050825,-1.844875162956154,2.0449559105089152,-3.072639451332265,-8.392340152181104,-5.386787519707182,-5.830529459232858,-3.6317048362689173,-7.06954243496468,Dry_Cough
0.43909782498366384,0.08527611941099167,2100.3811498283335,1561.910873470284,3749.438055630388,0.15842762212643677,-233.890472004538,87.64852958336617,-66.69690516025734,28.85319330293687,-18.355881018357486,8.862905882340135,-11.029240212489059,11.690667625778628,-18.746579745347297,2.520267269571191,6.177267771088367,-18.13539711359899,4.455108791955241,-4.028568497928241,0.5079786787699249,-1.002957196100193,-11.539571754124697,-5.70338065933814,-9.225090619854125,-4.771557123005673,Dry_Cough
0.4396347293136769,0.06912845373153687,1809.8853448094019,1446.3606509705348,3011.00679285386,0.1286175896139706,-297.18810088181004,109.0648656164645,-63.187234688966804,22.521589467327324,-2.3232826144601515,-1.1036396957569337,-4.872906835066331,-4.548317862465871,-20.040230796382602,-3.5208396537300892,0.9746393809988961,-10.612033601310149,-1.6799597511105844,0.9351702083944567,6.598470650353299,-4.388937670295576,-8.509447339112025,1.515027684402283,-10.351727377004181,-5.214404228924123,Dry_Cough
0.40771490400900406,0.07265648245811462,1833.7437303276188,1582.938758974922,3335.683512819406,0.1226044544198895,-262.12441128549983,100.49795004454964,-44.7122735680792,23.58958328082826,-21.910067206190917,-1.6976692681680945,-17.95707641919566,14.702731073601184,-8.658738755437103,-5.764160722631384,0.1622693206875738,-2.810665290047593,-3.5781207417451633,-4.628138309665603,-0.7791512603338939,-1.996625569746189,-3.532262275361365,-3.636710822152951,-0.8163486893363184,-8.935145786227547,Dry_Cough
0.39360644663488403,0.08888919651508331,2083.283414128954,1349.1562073704945,3077.3139268338323,0.17053003368263472,-258.17229303134087,93.96046379699652,-76.87655247539146,38.24030842485929,-23.515225710038365,0.08891996248771662,-4.296533268079736,18.084946596584917,-29.999364202639903,-8.17186301794875,3.6905758310418944,-16.305989471382365,0.9848670174274456,2.500800593575191,8.659351438978677,-7.438340528890595,-9.900316177153487,-4.563284705049496,-3.4715564125742207,-10.256070160494454,Dry_Cough
0.4208838319572153,0.07373609393835068,1695.2014824597788,1310.6644757884806,2810.7421875,0.1227279974489796,-289.7676235528417,106.5421965710085,-65.31469213517845,32.77899339444653,-26.969708125699523,-3.6168135742363416,-4.935052316172402,10.930338998238982,-8.776665525527916,-3.8439516200673056,3.3661688996002224,-10.831534785799825,0.6295030878629034,0.8427460390830481,-2.2657339407293615,-8.28659870101708,-9.70277292426718,-7.680248455881181,-6.131223319973196,-8.470960536651916,Dry_Cough
0.41278462819784645,0.052730415016412735,1639.3956931243058,1245.6249932232615,2764.1326904296875,0.09708949497767858,-328.41675358667936,102.68005218891956,-48.40714206956638,30.237453530684167,-13.443428278014704,-5.4748099575772,-8.550272190198942,4.036938108714132,-12.177564485563781,-5.845646175399934,-1.7871500392172661,-7.5401167831752085,-2.5397936586876453,-0.4792542824019618,-3.3173071641014644,-7.564091763050521,-7.30359143368539,-6.7270594112481,-2.315346355144404,-6.717286242184668,Dry_Cough
0.39757809527977706,0.048783380538225174,1509.244289979628,1378.0443537579572,2803.1103515625,0.10810546875,-299.8633595958156,121.92820131166502,-46.492453767490375,35.67298144518338,-19.060386940677073,-5.649140266629266,-5.182521409745645,5.322419236739917,-13.529716632149027,0.37860182742461335,1.0158599929464993,-9.084761748896025,-1.7401890295922775,-6.677389230328909,-8.790441279971187,-11.006324313152215,-4.243707660658156,-4.765903648942394,-1.4958547066770929,-4.960362222269243,Dry_Cough
0.4547434102668459,0.03598925843834877,1383.9492868394998,1284.5043523925226,2490.41748046875,0.08480398995535714,-346.4597371064066,117.59356336869526,-49.571598683911134,21.917195462752474,-13.62974898552034,0.5131608015751526,3.5424384689813695,8.533075181238344,-6.855589562660437,0.31012196261446273,0.2032317204602636,-8.420672583266024,-2.39795384105471,-0.6499517982512175,-3.9532921710643025,-9.203666204793615,-6.5254420663285355,-5.768108575764902,-3.527961571410109,-5.61240275294318,Dry_Cough
0.418666654108242,0.08173581212759018,1825.7215550710844,1324.4483259995989,2946.4993990384614,0.13146033653846154,-283.0285037370109,94.93513033237518,-72.76505350264503,29.7672052892812,-17.380386944136596,-6.745599572553636,-14.185414786555794,7.933012486443075,-12.63178163779508,4.516296154981129,-0.8822242633264101,-16.15238610809778,0.9071113357023961,-9.090497047338854,-5.567752474687826,-3.6987459751839795,-14.828879059954243,-0.8580924661474874,-4.805330030119508,-0.8029627192942478,Dry_Cough
0.3467436086676381,0.11690502613782883,2033.047627405677,1318.0424063924625,3226.3519455714777,0.15228979627071823,-207.50877134677893,95.34902517065018,-97.69867808566352,15.214317864093724,-30.0828012294749,-8.683324793209044,3.050141581841804,12.362045951842035,-13.116796788438114,13.38789220337377,-0.63680985504628,-18.266093698459894,5.414909988349207,-6.1240191238319035,3.9358451835067836,0.23925859434155317,-14.906171135828798,0.4243932646026673,-9.608242809500126,-3.7019666593479705,Dry_Cough
0.39581709843881263,0.0634213536977768,1659.0976260091325,1399.4354725175156,2918.84765625,0.10599689094387756,-304.0884183891065,99.12469494595175,-56.102205805016425,26.33106797410134,-18.25059878522357,2.5486531495093585,-9.063434092468999,8.678375333510893,-7.17669540845928,2.4000486891248887,7.394358432477949,-11.562967064277577,-0.6339807079381377,-4.786803283245568,-10.742391585716678,-1.6459867388304625,-11.963371982744345,-7.741933868296303,-5.339183382408555,-6.766014585289515,Dry_Cough
0.38093132885129133,0.06239304319024086,1552.966495915309,1372.7633746211488,2703.4818209134614,0.09791917067307693,-311.54557102225226,106.96474936424252,-50.40258116497438,18.74354819657552,-14.976798264763005,6.087640720007943,-12.475971155029848,-0.69838220190402,-12.704238608728124,-7.5510567309093615,-2.7434259690945106,-3.071538313031868,-3.864241438368949,1.290965540294977,6.522894345641248,-5.242723689861219,-6.194404306125251,-2.8690980280083846,-4.780149658234442,-8.12353514095667,Dry_Cough
0.34394229686620137,0.12749449908733368,2215.6128055242107,1475.347338912176,3953.8037109375,0.16009347098214285,-196.5901319411344,57.24123089513925,-81.39193844659728,15.342443247585528,-36.13030479457604,28.59848204081942,-24.389628438262474,1.85950317763639,-10.001899550704671,-24.273644431299882,-9.888254864497371,-11.348949779153514,-1.6974796774586363,5.224322637899827,1.1855190407834735,-1.373969382681538,-5.159293425233902,-4.824456414616522,4.275781356282897,1.0514131802414246,Dry_Cough
0.4207532817332358,0.05931240692734718,2197.0671105514853,1767.242817828447,4044.4467668053057,0.15060139388489208,-284.017063023828,89.4029144479869,-44.771660918825894,6.710208205393779,-11.192942017333912,9.715592593756961,-27.528042147089728,20.55222581745769,-21.328641928283673,-16.590233000912967,-5.488764552326187,-8.005282971842544,-0.2758649457366051,-3.353565303554803,-4.47072139103784,-2.6049748105993364,-2.846371107227089,-6.851684960443886,-3.105204442839536,1.8071935241432564,Dry_Cough
0.43750443332091665,0.07344841212034225,1945.2580031738964,1573.712992158397,3516.458203125,0.13334765625,-286.16676525939164,90.78401788562313,-33.0609874492922,11.921837059572075,-15.484058110901525,-0.778820094581371,-26.442259694416094,15.911180333267023,-10.551716803484108,-23.649694300039748,-6.787396234840584,-9.05443974751236,-3.939056796591407,0.9063311447465148,0.8208259068474548,-4.0014169155403705,-7.026380420570366,-11.68844669169118,0.6542951732447362,4.243993719338317,Dry_Cough
0.3647995104372858,0.09313207864761353,2094.7025286930784,1552.9794548500226,3580.011205879047,0.14913655013489208,-247.15465393701282,82.31813786915379,-63.16105547334584,19.337097583790285,-14.73223800727687,8.416843511173582,-28.614866054236316,5.633934877457492,-19.27237918603583,-11.533771398153302,-1.321750371486521,-6.260606219733025,-12.136389507486635,-0.6597843522583066,-1.4308262965149512,-1.5498846698190467,0.9891516705685411,-13.233319437259878,-3.8567104985278244,2.3809551834609666,Dry_Cough
0.464271982426381,0.027555545791983604,1558.733423895439,1366.6007531291789,2767.156427556818,0.10032594358766234,-406.6895663842007,97.48466651313453,-41.366837679434376,26.833491319540837,-4.064411242017908,2.7707821891015483,-9.870210154335751,3.4550300010375996,-4.534290442632343,-13.265278577966178,-1.2758263342310188,-5.5405409812981405,-6.466503909316931,-4.591259422947296,-0.9073227855204474,-2.850114422760124,-4.1595683423667875,-9.806013479712805,-3.2687852845667087,-2.445331870907686,Dry_Cough
0.33988974384133935,0.09756387770175934,1751.2730773395638,1335.4483654364494,2867.381976401969,0.12151179901541095,-263.0336447571576,106.25635039433044,-68.66204505856932,8.539301039420298,-10.499819857766326,-9.043422835092162,-23.262428426080174,4.5129933053899345,-22.12459100210474,-11.78949009910072,7.6165850353047615,-7.870552014936596,-14.432975113663968,-1.8691810007018654,3.388388063031349,-3.831083224859708,-3.8933841831268836,-8.441762388934167,-2.9924833932716557,3.927770780280975,Dry_Cough
0.3938342239974905,0.06373003870248795,1653.8010124802224,1382.318512250506,2761.959561434659,0.11213822798295454,-318.507870878887,108.76003523396388,-53.405973584436914,19.25065396479205,-7.241099669474865,-4.492727716796899,-22.24903906941574,-0.4875363698093648,-17.83314390176887,-9.652816722087117,2.9694978651038855,-8.67122101296276,-8.879365684255722,-0.44339997341206444,-0.4805257006600596,-4.234647136737553,-3.295637551986856,-10.51750104701236,-4.1321055435458245,2.2687802453459196,Dry_Cough
0.37529426589179626,0.0844915509223938,1886.6588620920968,1345.7170152371,3041.4833762428975,0.1386385830965909,-302.81604656214625,93.50866661607876,-63.767852425235226,27.804102396408105,-14.71430343748321,3.8857911393225284,-9.961685299390972,15.016527630129662,-7.0331064914072465,-28.836035308571642,-1.6518034120954492,-9.274724835423685,-10.965023922128474,0.8566360197311017,2.221756693833662,-1.761489210889903,-3.604838970624349,-10.524619542572788,0.5088657891101857,-1.7556431032466222,Dry_Cough
0.4051210137470106,0.07218751311302185,2207.428224046424,1626.319705881756,3726.792279411765,0.1544213388480392,-294.4196501360352,76.25220096098272,-50.443088118348335,17.456994893626753,-14.28584674654656,9.279324725313565,-21.60128902162466,10.478444889829731,-14.091660734512102,-14.553080426032796,-4.256760907160395,-8.012952073093977,-11.427801702149528,2.8060097752491355,-0.037208773838632345,-3.3852231715135757,-1.450576497780375,-9.452864461075473,-6.4978134473481175,-0.22107486745792665,Dry_Cough
0.39138359747117324,0.06681095063686371,1822.8145271760322,1451.3352094153652,2994.664972478693,0.12445253314393939,-293.1163473372232,99.83376299628594,-51.634426283683645,26.794404224547083,-7.811932532542321,-4.402029616694306,-30.365965695016026,1.2430472762787201,-19.93486753295647,-12.427855593491339,0.8682143860224051,-10.260012444967701,-13.934559997461333,2.8339599093239647,1.0901283042373866,-5.916786652147567,-1.4170665382574819,-7.845099901129726,-6.1254852051637325,0.47392185631468214,Dry_Cough
0.39791763838460753,0.07194032520055771,1867.1678511062569,1450.7830079794712,3137.0069977986877,0.1279782458563536,-299.4220466266613,106.533838350434,-60.957826024957654,29.751531460252494,-13.220295070676967,2.533447818964137,-22.989680513565652,19.173012804445886,-12.484490119607434,-31.036021481679306,-3.8068237142183214,-18.25894264372377,-12.067057500964154,3.2880731408365427,4.356313869619192,-7.394390116029912,-6.792466070429239,-10.345428740385838,-2.627087658858556,0.7735527964027812,Dry_Cough
0.29836357940358543,0.0901629626750946,1966.9762781361987,1588.3894529074057,3489.308397032374,0.13642016074640287,-238.1160533322148,98.86780624071363,-57.43377989126496,9.350887071247602,-23.734384793384887,3.7533868952653773,-23.160699967032993,3.5642010662288706,-24.077567191214754,-12.088338461786385,-2.2192489741641905,-14.814171935552155,-14.29261649789517,5.54125225785608,1.0263071916317983,-7.42334315769687,0.5790670908303571,-9.456349917344934,-3.7131432773375703,10.30079047617683,Dry_Cough
0.42363974027666707,0.0392843596637249,1844.679373854545,1523.122256932489,3151.051209813399,0.12683017648381295,-347.75042509829996,92.59638843506154,-42.53646171564857,19.317434794663598,-10.158253971543598,-4.130237774902038,-10.638761778954358,3.3741124008000742,-10.101162215655068,-9.31870951577084,0.6470330810307435,-4.532341523858901,-8.329441351166624,0.8925404988588614,-3.1837956335323945,-9.022880434260594,-4.968952957505465,-6.811240456294218,-3.4189368613346693,-0.7432156767299242,Dry_Cough
0.37856151956507766,0.073372982442379,1813.034814068602,1569.6882287724893,3195.9108117508563,0.1185419788099315,-279.5269891886548,100.32143765496126,-49.00448471681081,10.40016158895575,-15.106965221458896,2.004076240788492,-30.679102180477845,3.376384532035955,-22.40218741762205,-12.017202237951858,4.8907198773948695,-10.24682100652369,-12.684305824869481,-2.4066533175924656,2.157592163001865,-2.9776275596392217,-0.11142532052959905,-6.643191590297256,-6.630515131142687,-0.3523796571901476,Dry_Cough
0.38948658289548704,0.08185751736164093,2224.496701753378,1666.5104907178027,3891.880170036765,0.15610957924836602,-253.14751598847548,67.8754481232906,-53.82518323766531,13.743080734826002,-12.651365984883077,2.385959908873947,-23.20340801159124,9.87383582492443,-22.629923432071063,-14.207903116624829,-5.067136956706002,-4.219955010403615,-10.431436561675866,9.056908161654455,-4.493120452923708,-8.154133971920759,-2.1134714098306953,-11.151862556493509,-5.78750225665351,0.8367376125366893,Dry_Cough
0.42008672395334123,0.055385276675224304,1908.1921914991399,1583.853236466879,3355.217578125,0.12284765625,-318.85755296900436,83.45315761767722,-41.830684852834935,16.170013636875748,-9.201388815497793,-4.648469409163807,-14.784958464517873,2.017739739917048,-14.060197182242689,-5.254750412043688,-2.80278786673358,-9.062102841914369,-13.124173156333796,1.1773188909434977,-1.5256411588230079,-3.7027982356021836,0.3686006027687229,-6.115894282158334,-6.241728467234469,-4.780668283682158,Dry_Cough
0.35633477503221295,0.07724350690841675,1880.6378632115766,1522.374719721479,3330.3251953125,0.12254296875,-291.78039967787737,86.51623372451185,-47.8456111023517,14.751351669384187,-16.061582200585086,4.4888031604891925,-21.352589100829707,4.7209006240977605,-6.744054097356025,-9.747430020101437,-1.904360865122518,-9.758102583703813,-15.232161904913506,-0.602456825204937,7.970965361092073,-3.8391226002466974,-4.275520879555497,-8.139908034083957,-1.4517666623031145,-0.7054306373931044,Dry_Cough
0.41574195497361205,0.07626117765903473,1556.8686010484164,1382.077836189999,2609.5658203125,0.09706640625,-291.22920441284583,103.04654489180349,-46.67797066272348,4.830035798254449,-10.5550263419492,-10.433269760752399,-12.557267206849517,9.266560875410155,-15.867159469521484,-20.943873079304336,-3.4717515766736846,-6.64529206151899,-5.223034323240539,1.673594027111727,-3.6666081280678418,-1.294874792074435,-1.9519580496393514,-11.194823193807434,-4.394809024535865,-0.17255807440520443,Dry_Cough
0.4702684740411059,0.04039469361305237,1666.9782582870982,1397.9889852469514,2934.5496544471152,0.10610190590659341,-358.0374864004366,96.05124636127455,-52.33392891881746,28.34185841104675,-8.322423061749733,3.4529226846646504,-8.6468580705328,3.4879979093925506,-4.442117878355453,-12.228428467893425,-4.353522910940305,-10.1653205840917,-10.880406641860166,-3.3070241597238206,1.1380680006360604,-4.467520105123789,-2.5608579744180315,-10.128897251255564,-5.659552251955191,-0.5406574029491167,Dry_Cough
0.43010525784065984,0.04551543667912483,1946.8030608951183,1569.7790552757958,3359.4680786132812,0.14286150251116073,-337.80630211812525,90.33062149054636,-39.88860604167405,21.903663025384024,-9.447098056722,9.453067103549419,-20.31654251670027,5.424679670925012,-15.467092258092,-12.953073369472756,-1.7047977788986624,-11.474943206103509,-12.604586786757498,3.218588833871421,-1.5167355728599408,-4.418778822404548,-1.4176869320333196,-9.239444944388964,-1.3767646111227392,-0.012440310407470687,Dry_Cough
0.391592830257125,0.11543640494346619,1875.9871887102345,1522.6323889435016,3175.795611213235,0.12546913296568626,-225.3871195476634,93.93653192176974,-62.03757778015761,4.439751595739264,-10.9529892699399,5.281366311958167,-28.151869633440494,1.65980840405231,-26.529473762445676,-19.238227192614662,-5.192178621099613,-3.907466815499832,-11.440693048327999,-0.11853898883367005,0.1979952708903703,0.4868459959883428,2.3708082381370987,-12.763074635620647,-2.1965232340905843,2.6782294187139066,Dry_Cough
0.4044121738010473,0.09736877679824829,1659.6362786225604,1285.0607500988096,2509.6517578125,0.11791015625,-261.1383865568335,103.95941460629258,-74.12098830022518,4.5138669576220165,-10.010497046067272,-0.40227627753512907,-26.488784168858945,10.004816568531382,-12.175815951550518,-12.852647188773105,-7.305883653645373,-10.449304871641274,-2.6198168156375248,-3.061618833958256,-0.6063936579701162,-2.524456473656642,-0.1425770321604672,-6.23857432865312,0.17170978531619455,-3.400278284544942,Dry_Cough
0.4235926528187952,0.0980013906955719,1382.551393658554,1214.395486716149,2196.6681985294117,0.09542866625816994,-270.1924886105423,130.24168259018595,-47.87557601114155,-16.177420239128768,-13.304423164459745,16.279480481573582,-8.664869838426569,-3.7473892274128207,-14.182127436026821,-19.889863167260682,-3.295913725808986,-11.152668562698818,-13.213262428866678,-3.2645951371464927,1.9977316601816688,-4.472128336622076,-2.933749407263043,-7.804410288354376,-2.112788197018311,0.7679147127616976,Dry_Cough
0.4520018740972304,0.044283680617809296,1715.6773742288833,1631.419931897896,3420.140584309896,0.11286078559027778,-339.38301443359455,108.99096811715472,-32.27576745956221,21.739409683136053,-18.051523905315747,6.507335123573934,-7.783259781197968,-3.352533984881816,-21.216082902174918,-12.875337216224082,0.7332527976130713,-9.595401561324774,-5.1400904357211665,1.4261522938967834,-2.006726176626098,-3.659035415343547,-8.270683291028146,-6.247186802548655,-4.774863060443104,-8.415056900070784,Wet_cough
0.40726559832743586,0.0794336125254631,1790.2076702544975,1241.2536078326154,2700.992616883512,0.14379027845330739,-249.64099483442482,124.36428450929073,-83.35779312775763,19.45174953074365,-18.69290275948033,-5.177150153776941,-15.334297167626966,2.74262783159071,-12.262214198465553,-13.849077922836685,1.349651463678382,-8.221146329548674,-2.982794811528283,2.748538874050634,-0.04612210487805716,-8.599927886207494,-5.615438659675469,-2.63991485478887,-5.217922781303946,-4.025722978607814,Wet_cough
0.48972375411768515,0.00776952039450407,1799.2578350938286,1864.8480066213565,3811.721484375,0.08889453125,-515.0810642503545,86.89477475847852,-3.7665125614620214,39.26920975327675,0.20827481703486397,3.929666093769709,-12.198505786889843,-1.6131974468622188,4.089768880251105,0.43047672220888505,-6.111388325928842,-2.0023493158778014,-2.901332574056238,-4.598875279854592,-0.3623606654612641,-1.5494375662378879,-4.597280606094667,-6.039250692329536,-4.175714150676553,-3.099266148440034,Wet_cough
0.48586474658507545,0.03923356905579567,1914.6986696403858,1610.047399439199,3528.343071371822,0.1190330376059322,-354.05818744735484,95.29620242844277,-42.53794494879579,31.69931210060749,-19.13583898365837,6.998483322917824,-13.325322542522516,0.6177853326292554,-6.308727171379337,-7.294945730350798,-4.245062780249327,-3.2555517161017695,-6.703930189653855,2.245091217444637,-3.053656120738581,-9.362638789791681,-2.609733878996211,-5.951858357986051,-2.5301459783072406,-5.199052678848486,Wet_cough
0.5288276364660709,0.04175064340233803,1266.7061719586463,1460.301920366805,2418.9811274690446,0.07221495430424528,-292.3035346858504,140.9291609522861,-10.22192131360692,16.571278019241642,-0.9194426778316508,12.407193572937341,-7.871082705843499,5.391596560597065,-5.0473417841252886,3.443601201275938,-3.1039718937937453,3.9108106284492017,-5.749241108042848,-3.0955564095245696,5.938486889673228,-3.5160341492724965,1.5252824101679243,-4.711223038886092,3.856545158861668,-4.0362961611360175,Wet_cough
0.4394274802611247,0.058030594140291214,1937.002236204342,1935.9916359782499,3918.703328322161,0.1231716408714511,-234.6127792817268,114.03673392731032,-9.780163117020743,7.082146956483067,-19.769622728472918,9.374082957632737,-17.216474521098753,0.6289396868927447,-14.643790251863278,9.849079952301981,-6.1180543980752935,-1.2690637118065746,0.6321415720374306,-9.188624837215718,-0.16617775342814697,-15.296155529523089,4.379857246920949,-5.444234044939986,-1.5746599784629782,-1.4095974747355304,Wet_cough
0.5062434322692776,0.03372562304139137,1222.7701011774716,1401.0774463678297,2222.3126953125,0.06442578125,-310.9602608241485,134.27850674395614,-3.2793882946025414,15.564774730724768,-6.0414231509442375,1.238561151035849,2.3119310413359213,-0.09050807140601336,-3.5519936112894688,0.50432623888194,-6.862368441580217,1.0343600109715338,-5.284570478450311,1.996012457317467,-2.454907669251876,-2.47813284117653,-0.28078918569816597,-7.3221417111153215,2.8991040102874366,-5.170365925766481,Wet_cough
0.5076067909190644,0.02970634028315544,1295.7219913420017,1453.9932112898234,2457.716656675433,0.06892017326732673,-303.46041114951146,149.09917714734746,-29.70177292738861,31.526677377073792,-20.899862879701033,24.16811613709125,-13.818560941439273,10.160267248627113,-6.889781074353349,-6.3356560062412655,-8.576687976740534,-1.8138812563442333,-5.198279899563209,-9.938177871939255,3.1780720812377496,-4.9646401732732395,2.6087430369798104,-5.969220654581994,4.158941408920794,-4.032024171225758,Wet_cough
0.43505650951147207,0.049225106835365295,1424.7769391126244,1344.8507722049542,2477.388332201087,0.09805961277173914,-283.975720382332,140.54654223161728,-41.616735191633396,23.69213703910754,-15.094316000723714,17.188710803969673,-13.735132279767654,21.206781008034216,-7.134060924808778,-13.513306961303112,-4.2194951121473,-0.051895024137731685,-7.33533549414944,-5.649916897330513,5.863574971068359,-0.254876497060184,2.679015355661885,-0.014578913148503025,9.627183215604443,-3.1228474322749307,Wet_cough
0.4403440488352991,0.07027145475149155,1549.5676717581673,1604.159678566197,2979.6750471895975,0.08994533871644295,-247.36084582673024,119.17585503038273,-27.154000027250706,14.751904567145273,-26.156056852916276,11.639862621271975,-20.764502287140605,-3.2558253041059673,-16.591286596718675,-4.698368481858029,5.799853698043291,-4.921187701014458,-6.493950790356949,-9.81772311501798,6.40756060200126,-5.172654549088371,2.3195751369514244,-5.118836731382758,2.4713598702358746,2.063876061560271,Wet_cough
0.4040463860939871,0.08856719732284546,2289.5104450902104,2080.79580926194,4938.945855034723,0.15649112654320987,-193.881233584322,96.85640205230749,-26.697387954397517,-4.454116250352464,-37.134879122708014,20.345384687791594,-25.899166732338106,11.694715453410888,-23.73411865581864,5.6163538110795725,-4.096933117721176,-6.038834330523855,-5.897811524021717,-10.170554858374505,6.2021392285041115,-9.430235074236126,5.351767576376163,-7.170420268518223,1.4394243076927165,3.1927065820174376,Wet_cough
0.48535247796526026,0.035879071801900864,1358.3056443223104,1451.8101511095679,2345.109375,0.08349609375,-305.720393824929,136.07870750714773,-23.793895560608824,23.653442983074978,-14.357706255826903,16.575298157057144,-11.234771572446618,10.208944302482324,-9.865564183020096,-3.1647532612629887,-11.187924838320686,-3.93453011141827,-3.261520797534386,-6.237534799884687,6.13583605524313,-7.782878345811747,2.456348172122837,-8.595979035948655,4.359587588158077,-4.744312869862842,Wet_cough
0.47554369250221284,0.05597326159477234,1990.4556588640974,1793.6166291836032,3761.100334063914,0.13555659643665158,-248.55800164237098,108.49231953106279,-26.349730720177682,13.749383492565713,-16.646405856943318,28.10872484832789,-28.400260920088055,5.079404209063082,-8.898844081329598,-6.224137805499381,-7.7034332378207395,-3.3035169091395864,-5.157484605710872,-4.988068860323488,5.200789698813086,-3.571062317895288,7.906033416650331,-2.4367135452164375,-2.8310910929558295,-0.842584350882109,Wet_cough
0.45793108017099027,0.06668110936880112,1896.445840396735,1709.2361508612794,3556.8646854197486,0.12700513128698224,-244.0332806379974,104.29779370200127,-23.5259413450846,24.789055656155814,-18.908998641275577,9.731666417751025,-25.753651071084224,1.2440824375735606,-12.716828691182469,-2.3000182708890082,3.086033724826165,-9.165891225464968,-5.1350325044563085,-5.330669482443414,7.472663058712317,-7.28493053940576,4.764992408457651,-2.6221420171050442,-5.819486087917571,-1.490551765506507,Wet_cough
0.5005661172740442,0.051135096698999405,1910.37325371425,1746.8126801947715,3506.2224313114466,0.12831921523876405,-254.55608585014173,103.88869992846814,-22.498757627516184,18.74237462463696,-22.718663698888317,9.272520761433755,-17.909682115533833,-0.2906752225587813,-2.558347781705782,-4.013165766958537,2.017040484493389,-4.772224536780347,-3.268748519487928,-4.8618318014136035,4.393948451593486,-6.001363655065042,4.152442296031787,-5.782494344998764,0.9009448101807724,-2.286035023732074,Wet_cough
0.4057979902374527,0.07055123150348663,1794.5857463138773,1689.0461217646207,3768.0396889740564,0.11886423938679246,-219.5367723565193,121.75778797533708,-39.74923445584016,10.80642471393588,-24.741270474990557,25.819958144882847,-33.32833593297671,26.313620165243208,-6.526189013394533,-24.053900851893573,-6.5638870793955295,-2.391327764884774,-7.536120965525852,-3.3745542091542484,12.328733346727796,-8.836548060051483,-7.979506270964541,-1.6070989808523624,2.444008186743191,-3.6613594039949775,Wet_cough
0.44059597802124156,0.07677111029624939,1569.5876660594306,1675.4656646616695,3115.6981057960893,0.08949458798882681,-240.92694656458545,122.06110938307323,-21.308167895465917,-7.983268681110369,-19.197433311083724,13.40240274132488,-24.50930361849192,0.6965055681609246,-16.819897823639682,-2.7051981710025097,4.053926449369595,-3.503400301010694,-6.153385813452189,-3.103509980700214,0.37388174223043164,-5.0116222681237685,1.1167256622631594,-2.322833402208268,-1.5237315432977796,-6.698165598445697,Wet_cough
0.49329957785576234,0.02530003897845745,1555.762357274215,1654.2648612089636,2945.404411764706,0.08614174836601307,-315.0668447437542,127.45060299975663,-8.076054639299487,14.495350402980177,-21.11442937380111,9.18738550641464,-17.18770486046792,12.150656456272484,-4.845542684674631,-3.105612226089112,-7.2330384343965255,-2.1323721244405553,-1.0571769211105084,-9.030198410612032,1.106733504527868,-7.367617989589431,5.961549041979673,-6.961159018932901,1.8677402056024337,-5.1601496123385795,Wet_cough
0.39324342534223433,0.06033976376056671,1933.3086785865432,1795.7104401314275,3802.11767578125,0.118740234375,-258.87992682514704,104.17639882171157,-17.982383765589613,14.634993661259575,-21.805558645206276,23.713959371127295,-19.080508525974885,-0.6202649066882913,-5.463584770677633,0.365217905536738,-8.778956784779961,-5.040623544898785,-7.055421375912018,-9.370390382499096,10.442257106904615,-3.5910290175187707,7.188175223479137,-6.906019932027325,4.852528372960114,-3.823309557822422,Wet_cough
0.40927977247040814,0.10450626164674759,2188.4353764579864,1798.1018915949796,4038.9512115323605,0.15938045288705585,-182.77246904412027,89.4648360997861,-40.11273758247608,7.789699491575442,-21.054777447126792,14.114854017141957,-26.117277125685604,2.9151471013900987,-14.60234327629676,1.396326255390099,-2.594380205045662,-4.603788394234105,-7.754406889795788,-4.562232792319504,4.320423615337328,-6.802409354552733,1.1048647130303684,-8.424934006389556,3.6336641525001228,-5.340513791891266,Wet_cough
0.437725466872918,0.048262808471918106,1220.3875116553124,1308.7216504008397,2070.382749495968,0.07359816028225806,-300.1855343131681,142.90256326691568,-29.786715397588136,-0.5847483631002975,-7.967064579393592,6.719507239017777,-14.352533795318921,-0.32128133268524484,-12.780068645005734,0.8829182912951309,7.665162599413798,3.0453399088532245,-9.038491673278823,-12.606037833863112,1.2865518322686362,-5.59504848482106,-1.364643431717347,-3.0662613999543393,1.0720776428785668,-5.6282283062616365,Wet_cough
0.4667336548455611,0.05103074386715889,1687.6572919907712,1632.2110464357756,3191.7185137348793,0.1080650411626344,-252.89012989345895,122.5450912095437,-25.533972760284932,18.330348538725538,-14.425009022210478,22.281496319300626,-12.728729742494568,1.7193684293508786,-8.562461774112878,0.4013939241291551,1.1390525748674947,-0.05925893129080568,-7.883634304356496,-5.07472957152388,3.3876344677800327,-0.0857881161781384,7.549790977364331,-8.04437925092734,5.164395755625606,-2.635179096380476,Wet_cough
0.1801081257214251,0.052739910781383514,1037.8124756284203,1139.3895984018648,1999.8376102258662,0.04415416150990099,-403.24465361115256,32.499043507626254,1.3848437287782291,11.902621459456157,8.608534672592441,3.2820785483840242,-1.6275625376408265,-4.897397502423788,0.03764891802290396,-3.797853655471457,-10.52131761767624,-4.471653728607802,-3.6182496111096527,-6.376461273804759,-9.402657031707346,-0.6542011227186968,-3.994011730590612,-4.9745203151321915,-4.179530561027537,-5.337135399366843,Wet_cough
0.18114566022084566,0.04632275179028511,1060.5395171785563,1125.1661973389896,2047.522880617252,0.054185498450413226,-383.92243507953043,25.911522355374665,0.5870279051225124,10.753241072884705,7.588355566220459,3.6209983755543447,-0.9727957574786019,-4.033620977358962,0.08453246414270553,-3.5315318538097475,-7.649993912260073,-4.91703271306942,-3.645852564532502,-5.403531594714473,-9.304534692803978,-1.3560067766823782,-3.0113816587081463,-3.283449260626396,-3.0867689947149737,-4.946749211494649,Wet_cough
0.058861501781227774,0.018849309533834457,303.296655097926,374.07864527018063,600.7347388510544,0.008800218310632688,-480.5177801179199,12.996864267234386,0.943393778141038,4.025431303915703,3.7242284023150134,1.1897256080117942,-0.6002991558968878,-1.7130736701818663,0.22325725570755875,-1.0608104777711151,-3.7366187348753304,-1.1864774152514543,-1.2205104173627248,-2.235077211540489,-3.7535598748019887,-1.0430019031758366,-1.1907983770403563,-1.6461763061398464,-2.11767760768623,-1.4469884532670283,Wet_cough
0.20592970155597867,0.07607083767652512,1153.9133080621496,1246.189418983215,2526.680554841694,0.05573794716282895,-339.5167529917693,33.08536807377101,0.8387917549250105,13.059446004368947,10.62984023357512,6.999546983188739,0.02975154169754627,-3.7777597489132555,-1.4585028314769557,-2.640456041646189,-1.428681181202282,0.5286893356256023,-6.575554046356283,-6.343056629554731,2.4005998429194175,1.2503374011487234,-6.225466282364564,-1.600672792507466,-3.508170605445958,-6.1311023246310805,Wet_cough
0.4443385197668836,0.06818744540214539,2550.4273707800126,2305.6391545212,4963.689548983895,0.14764866117075665,-273.70749602938406,49.83923474309187,-17.502735345982895,16.193207116198067,12.64111884740363,9.178623785937436,3.3947673278053805,-6.630042284866508,-7.089392796787302,-11.944638373436849,-19.09734308925436,-7.319023444701421,-7.313001372797401,-0.5257765798233586,-5.463387686689145,-2.49710995542747,-9.638546887578926,3.19433315511546,2.6561753266949473,-0.40227877526836153,Wet_cough
0.21296650662383204,0.11357045918703079,1602.5008398359341,1510.567039075153,3329.518755744485,0.07427619485294118,-274.895809128461,32.59866550799945,-2.4179074982504054,12.52181970894156,9.95784565375252,12.345190358780147,-5.488832384956889,-4.3958446078242375,-1.2948691259853962,-4.243137890265299,-3.6281000418020994,-1.1669734333571986,-7.119035441513013,-8.826179290421651,-5.2779519578880265,2.9310894195757187,-5.825477681994201,-5.0569423390045305,-3.6017031806647424,-1.5226528592815978,Wet_cough
0.2037408388827472,0.10615948587656021,881.0531941985304,1042.2637353416355,1821.2120643028845,0.03838910113324176,-326.80012567413416,44.98459887960017,-3.3005286088424954,17.30854052053401,9.667965892538648,7.396747440529293,-3.3030048100534235,-3.1556056374664854,-3.486708199559611,-2.1425122907047727,2.443013064414709,-2.152208852483334,-5.4168430636373746,-6.418073273167668,-1.2376121589139557,0.6492168158585506,-7.500795027017127,-2.2607573449941256,-3.9031459573485474,-0.17309863282890825,Wet_cough
0.12929121750366068,0.031628746539354324,599.2319932872463,564.4444383513871,1161.2228393554688,0.033719380696614586,-439.57647206792007,19.154694209771154,-8.012595226901736,14.11090810412829,3.2092096243202453,7.431810394240639,3.7055912793191266,2.8991361463902483,0.5848541994635436,-3.9555111978856274,-5.187773245743108,-0.4118662089209892,-2.8737662736651806,-3.8966248466632583,0.8740773160518306,0.05228517466233526,-5.137994945424453,-1.8239428453271982,0.33195874005869325,-1.4774979954521215,Wet_cough
0.2078114551396097,0.10823219269514084,1069.261960079014,1144.423323257893,2131.8811408296942,0.053960408706331876,-318.37138602992394,47.530383464776726,-8.143079421556061,9.665947922136251,9.905185223974195,3.6273848685828254,-1.5421201562242703,-1.8823113677045205,-4.311789040071308,-4.594304174775077,2.124175959955889,-0.4484581551654806,-6.691531364400888,-10.578093859810396,-2.3282742093411186,0.5222841765078241,-9.113095276686824,0.30856324436188787,-3.0410560707081373,-1.3888787852173778,Wet_cough
0.244444376161569,0.11981598287820816,1517.4307320659884,1651.4889621334494,3374.801815257353,0.0696365655637255,-259.3021843272897,46.690190798133834,-0.1807329781814369,8.10037467564919,8.539077480062495,7.684623346812894,1.3471427466628185,-4.742618479338521,1.3646578148381092,-1.3520055026792297,-5.8455253514804335,-4.8539086139364676,-6.146814492443752,-6.792764111069849,-5.361390436474005,-1.3157723031730568,-9.358277030876604,-2.6410898418111857,-6.4266478696404175,-0.2229012352379095,Wet_cough
0.218134634908841,0.057867489755153656,1371.9464387888333,1329.520976880848,2907.224367977528,0.06889977615870786,-347.29609656311084,28.284552105738054,0.08166286397180061,15.759354181885918,8.484671096273228,4.7175725076217105,1.684489564326328,-3.2936495285550946,3.432767549283338,-0.5477373760780597,0.7702732923847001,1.3194394718412228,-3.0171001653773732,-5.011650364866014,-2.350276503031915,-0.6255325032210386,-8.68673752990194,-0.8980361522186031,-4.394434315466983,-2.9803284541687205,Wet_cough
0.23764565764275192,0.10151568800210953,972.0050811004255,1110.5133122873249,2227.1086594154094,0.040483145878232756,-305.7876004188604,55.672782823153455,-9.04427619273696,28.432599188021022,5.7943149246326895,16.3429460083512,-5.034610822822878,13.66723568591511,2.8021529292353557,-19.613433336661778,-8.282151599328596,-6.067455424977579,-8.26920804927664,-6.477480744239682,0.02602720234369863,-1.3849716216136878,-13.490060256080152,-1.8311059598079704,-3.281766578173648,-4.477553810826203,Wet_cough
0.15982227252763948,0.09058032184839249,760.2275195672621,913.0535230333587,1657.796158329133,0.028485698084677418,-358.4063158563879,33.42876058159716,2.7538333535044237,19.412968132546045,12.110176180844698,6.14718288777705,-5.561924545914405,-1.3871193041201146,-0.6543803486179222,-1.0748521396098376,-1.3008024623508547,-1.7448522622033045,-6.570273288231071,-4.55027431682139,-3.3911015840634966,0.07471653856781686,-5.7031255024669,-0.8280040857404658,-5.170419855005745,-3.8365602843754956,Wet_cough
0.2534084289543442,0.08312810212373734,1626.6557684094112,1390.5240061903285,3229.929682893573,0.09543134581367925,-321.2956423733094,25.194890538480582,0.45215629216004194,16.339071037514675,8.687533442168878,16.419020474048843,0.054518688738760764,0.20962615102057502,0.668205165913859,-4.810852767541769,-7.477440520649742,-0.25276200543659,-5.642116938899856,-5.179378538796568,-4.829975861836957,3.4456711941872236,-6.751659951423773,-0.5263335359004885,-6.179455690914908,-4.061798078514767,Wet_cough
0.21599954824331652,0.09430248290300369,1135.8924196969851,1288.3794485632436,2591.295648619186,0.04901435319767442,-319.6056762910857,42.34021203648325,3.1369105969099644,9.743637176556872,8.571935747142222,11.772155945407686,-6.2134841406202606,-1.5987528493109449,-3.0972906480661493,-4.715163467711062,0.2537558192727411,-1.9369601837531456,-6.177718355144866,-8.464058917583944,-3.9752987171412113,1.749530815924572,-8.075032243458283,0.919733242136005,-5.1104874870915085,-4.645095738829124,Wet_cough
0.15002454317388672,0.05525878444314003,1088.5232055709337,1105.6107136024905,2248.83544921875,0.05043015252976191,-375.9408937877207,26.833216568910803,1.5382886098271153,10.851731997925631,3.687091728083078,10.149761085760824,-1.3328591965972996,-2.391095299360631,3.2879242551136367,-3.9455420723785775,-4.441674344655242,0.3642743359976425,-6.439370890489248,-6.840919221642989,1.2336939242231064,4.713957036318873,-7.098085002649035,-0.23745382116058053,-0.13027590591569493,-3.153444167113847,Wet_cough
0.30448993650185696,0.056193023920059204,1431.5370925268883,1790.2141823440013,2920.314643375052,0.050428919967600336,-340.94215218561453,54.90207559253007,2.893882597196093,30.36435363457664,25.356926710561567,13.846706258545673,8.53039372635871,-4.089436650791247,0.8943327237672769,-2.8853632178122752,-3.647795673418333,-0.36248276848234706,-3.7393693746321848,-4.693566123927413,-6.323080320214648,-3.2301337337615372,-4.552054998461605,0.8642177429704215,-4.531474453544751,-5.148476965415501,Wet_cough
0.1436375808270645,0.04356074333190918,1152.8332492116108,1000.0419397671507,2326.196808510638,0.04525778479609929,-424.6835280787577,16.484724381997747,-4.5154702646263285,4.9611413803932125,1.2637655147000508,0.8273414297221241,1.9114036370057312,-7.819567866856147,-2.2933713285997275,-7.052935837805662,-1.8878964917217909,-2.658651578325673,-5.1736273801087655,-1.9027018827148234,-4.556811459973071,0.6761925517322346,-4.27770488967711,-2.3638121619993506,-2.142598397269359,-1.800383843716168,Wet_cough
0.3302424944482063,0.0734841525554657,2514.3530061809706,2075.8438648310207,4898.455277229976,0.14458655693770225,-301.6563503028053,18.724078010907224,-10.85837194172625,18.120922435218347,13.064503590355132,13.587814102319177,7.191309851303038,-10.56845231882783,0.690193557933784,-4.675604242054969,-5.883330110113995,-1.1985848956547,-8.278839360056073,-3.1558034111801816,-5.1176051900630055,-0.8563729391021625,-13.873994484833634,1.0563971396837575,-6.145204211226319,-6.4051481249110385,Wet_cough
0.44706264414934604,0.07350746542215347,2503.1781358812677,2312.506531682766,4899.360124454942,0.14300710594315247,-259.8450705234684,57.96412452896774,-20.732743457618994,18.499074902243535,14.747059186061232,11.13462856021354,4.4428282701311455,-6.63240600492107,-8.370264556489944,-12.293905358613012,-21.39968245957886,-8.738273593928856,-8.781059490605868,-2.180151122222367,-4.599614188251276,-1.7092065836665258,-11.513326526805214,2.9262822962949304,2.5347457122667643,1.4773400377976766,Wet_cough
0.30439186541646107,0.10956446081399918,1815.4850158821523,1847.4013008411905,3870.8407698006467,0.08709085398706896,-261.18810945177523,44.26048086556198,-0.10155377475196753,21.548052631794295,12.932250329840082,7.76815025248466,4.581609548797936,-2.4288863066031277,5.637091527098896,-0.7681301578715826,1.5286932612744049,2.4436940865090726,-4.605820007128408,-8.002656349604775,-2.9134716667751217,-0.3457967914563303,-11.29064365073564,-1.2444238857534236,-6.148758539415199,-3.8686846621962268,Wet_cough
0.2676782188348306,0.16094858944416046,1334.1419483915524,1605.3799593850702,2910.59133859986,0.042412273044692736,-260.87110579903873,56.333695120883014,5.697346955750315,28.296351152804117,19.609679005286672,9.955378167748611,-2.7214153936959473,-0.7132958834629383,-0.08413350419788891,-1.184698966361484,-0.4656901313419773,-2.3703481871903693,-9.568446142894373,-7.832415218402475,-4.704359265934086,0.3169287566632651,-8.133055883992967,-1.141400519230111,-7.392519866409032,-5.031220920164451,Wet_cough
0.2557144708989956,0.06915701925754547,1221.3257994083197,1439.297181924118,2805.9018033222087,0.04970039441747573,-356.6283008719049,37.97281313056537,5.547936466978361,13.606506301362236,20.82227660714769,7.91730466057126,7.596467650801361,3.487628436839457,-0.15473920248968406,2.387673537484408,-2.9758985381308753,-0.967007425650749,-1.4348025556194013,-7.082758491147242,-0.9164659976228053,2.758824606640866,-7.753670784210692,0.8592756188040334,-4.083009685150422,-3.7451966050969783,Wet_cough
0.14405392483176263,0.05618622153997421,837.7822317449915,798.9904058965554,1741.9228001644738,0.04427032943111455,-387.8477558628645,17.299361877033174,1.1080605994942854,9.292602230378318,6.041937148132256,8.873021986315429,0.847561938461575,0.08715898895019328,0.561730195363154,-2.427647498743197,-3.6267020337432276,-0.2032589606116529,-3.104248955520219,-2.9857066491557287,-2.6728161663884076,2.1442360509015415,-3.2996596204166906,-0.17079044211342828,-3.298260356389677,-2.171980792074439,Wet_cough
0.18149805752262993,0.08690021187067032,748.5700737744004,903.3868656898294,1711.293711081642,0.02832932137915129,-341.0462392972164,42.65118607660779,-3.1422484190882756,19.96336892709055,7.010397677890299,10.814620657330357,-2.9192682551148263,10.627222366320366,2.4028984906893536,-13.667720410216493,-3.998050906213019,-4.319547398155775,-6.459051908710348,-4.8759600385970305,-0.22415780247341946,-0.8504116491075754,-9.709201186470592,-1.1960655683924657,-2.757360533498361,-2.633035687726532,Wet_cough
0.30973172991459086,0.11043322086334229,1701.0173778672938,1570.532897444826,3282.5631615423385,0.09431703629032258,-252.0812804716124,53.036219084625095,-19.101368877174203,11.416877995770346,14.451224721991252,11.596968759108481,-8.697787983632361,-0.4503789284151977,1.4287971254442375,0.9994689118049832,-3.0520538798172154,1.4828148485793298,-7.330144382725067,-10.00983672734063,-2.6782124823920523,-0.36965178065726745,-12.962879561315548,2.0945486437490293,-3.2365129486456095,-6.64828565495786,Wet_cough
0.12965725546622242,0.030655549839138985,669.7476543809016,814.0195272447734,1496.0497586232311,0.02464438384433962,-493.16413446619225,23.755595698671648,3.7081153691260087,6.024957413652509,7.060000875917729,5.435269684304663,4.486810584030839,-1.872023021411119,-2.381748644175291,-3.529270233371921,-2.0997803273259206,-0.8398473212975821,-1.9767197761426507,-2.035979825152284,-2.040875009516942,1.3514969073503535,-1.304341381251226,-2.475275937854103,-2.694344393328625,-2.748975140440995,Wet_cough
0.1715077391396085,0.05742960050702095,807.6158712851804,970.8916433043764,1729.9853221479668,0.02968808829066265,-407.17745935511164,32.78265445795721,1.0865452732808436,10.432845301191978,16.525818546154742,7.165711481332841,0.19314690436060863,-3.1344488673742252,0.3860054206418863,-0.4850128202731546,-3.884893669779487,-2.791061494935873,-5.165625246251169,-3.0125846759015547,-1.1147786653090475,-0.9215450732570326,-3.086410912853137,-2.334329385840188,-4.044658491993506,-1.5497701824591428,Wet_cough
0.10217493547666855,0.0324566587805748,488.8980717375174,643.0220770164477,1086.7871577196781,0.01871180770420792,-445.1754736425515,19.781461052346405,2.728113876086542,4.830656916336503,4.662600906247741,3.6970116308784347,4.258882099017168,-2.5166421144858995,-3.9187538766564756,-3.4571353389077366,-2.59175110018575,0.534489249658323,-2.4341822170905933,-0.8583717123018544,-2.100520171307985,1.0775367428141516,-0.9740871131683536,-0.4555537281055762,-1.4928247990621564,-2.3739121714675133,Wet_cough
0.154979172363769,0.04104447364807129,720.5272474804108,886.4725233428964,1531.2627264793882,0.0299072265625,-430.4149534136191,34.64228940168475,0.17102448168895915,6.83088506594721,8.726808656965519,5.9761253562419165,3.8182620106551926,-6.820189511150215,-0.14266324367771344,-4.257681277021353,-2.3066260859755956,-0.6190401536209469,-2.2483469316658162,-2.1741118589324038,-2.923647187517779,3.3248296007443763,-2.050479178088086,-4.358224347303342,-3.722120500177639,-1.9032392437087962,Wet_cough
0.10366893546876493,0.01996801607310772,555.9914721495212,586.0044997970838,1223.6656775841345,0.020967923677884616,-476.2249566518281,13.362692662526516,2.991428093236151,4.549066612218279,3.2232713889789397,3.091382382520443,1.4639106334566567,-1.1537366033862837,-1.3565518640515257,-1.6392388666149162,-0.6289918518091187,-0.3518841527764627,-3.564884251145289,-1.0294673000061592,0.24066716638506713,1.0071312276537754,-2.5879718922861463,-0.27292724594283685,-1.7842024807868795,-2.1251199461644013,Wet_cough
0.1132584579851341,0.02879587933421135,484.7583133873169,597.1213071480123,1042.8429110738255,0.02146143561241611,-494.1157243364507,24.597811740747655,4.5807506822483965,3.7069213386642375,7.333813335035546,4.085386978048464,1.2372356049049968,-5.137053261735947,-4.089855602388718,1.000077984847204,-0.8394145275651296,-2.2368570907437784,-3.9632569917194433,-0.3075208672818556,0.8125618031946306,1.907481228465301,-1.2230554236100954,-1.4687746344681825,-1.0700525030377463,-1.246052651584336,Wet_cough
0.3952870169603104,0.11852146685123444,2137.8278626694487,2315.94468729296,4747.4363356370195,0.10095402644230769,-254.96995553480414,49.008792922583446,2.519002376440431,24.1335387110704,16.356674361156234,10.468939062012447,-1.2054245990194936,-2.978252930913665,-8.242931507949214,-4.62284433829832,-14.919115089513314,-5.521659617249912,-11.387638872043489,-7.425925923688278,-11.044604187730446,-0.1478478023631551,-8.532941704777436,-3.3558470104648643,-4.019235936678043,-6.586207177908893,Wet_cough
